Route Name,Route Link,Bus Name,Bus Type,Departure Time,Duration,Arrival Time,Star Rating,Price,Seats Available
Siliguri to Kolkata Bus,https://www.redbus.in/bus-tickets/siliguri-to-kolkata,NBSTC-SLG-RAI-KOL-RKT-18:00 - 176650,Non AC Seater (2+2),18:00,12h 00m,06:00,4.5,486.0,12.0
Siliguri to Kolkata Bus,https://www.redbus.in/bus-tickets/siliguri-to-kolkata,NBSTC-SLG-KOL-R1-18:30 - 156410,NON A/C Seater Push Back (2+2),18:30,12h 00m,06:30,3.9,486.0,11.0
Siliguri to Kolkata Bus,https://www.redbus.in/bus-tickets/siliguri-to-kolkata,NBSTC-SLG-KOL-AC-18:45 - 176648,AC Seater (2+2),19:00,12h 00m,07:00,4.8,800.0,30.0
Siliguri to Kolkata Bus,https://www.redbus.in/bus-tickets/siliguri-to-kolkata,Shyamoli Paribahan Pvt Ltd,Volvo 9600 A/C Seater/Sleeper (2+1),20:00,12h 20m,08:20,4.4,1200.0,27.0
Siliguri to Kolkata Bus,https://www.redbus.in/bus-tickets/siliguri-to-kolkata,Lokenath Bus Service,Volvo Multi Axle B11R AC Seater\Sleeper (2+1),21:00,12h 00m,09:00,4.3,1199.0,44.0
Siliguri to Kolkata Bus,https://www.redbus.in/bus-tickets/siliguri-to-kolkata,Lokenath Bus Service,Volvo Multi-Axle A/C Seater/Sleeper (2+1),18:45,12h 00m,06:45,4.1,1500.0,40.0
Siliguri to Kolkata Bus,https://www.redbus.in/bus-tickets/siliguri-to-kolkata,Shyamoli Paribahan Pvt Ltd,Volvo Multi-Axle A/C seater/sleeper (2+1),18:30,12h 50m,07:20,4.4,1500.0,20.0
Siliguri to Kolkata Bus,https://www.redbus.in/bus-tickets/siliguri-to-kolkata,Easy Ride,Volvo 9600 Multi-Axle A/C Sleeper (2+1),20:30,12h 55m,09:25,4.9,1500.0,18.0
Siliguri to Kolkata Bus,https://www.redbus.in/bus-tickets/siliguri-to-kolkata,Lokenath Bus Service,Volvo 9600 Multi-Axle A/C Sleeper (2+1),19:15,12h 30m,07:45,4.5,1499.0,16.0
Siliguri to Kolkata Bus,https://www.redbus.in/bus-tickets/siliguri-to-kolkata,Greenline,Volvo 9600 Multi-Axle A/C Sleeper (2+1),18:30,13h 00m,07:30,4.4,1500.0,11.0
Siliguri to Kolkata Bus,https://www.redbus.in/bus-tickets/siliguri-to-kolkata,Express Line,Volvo 9600 Multi-Axle A/C Sleeper (2+1),18:30,12h 40m,07:10,4.4,1530.0,15.0
Siliguri to Kolkata Bus,https://www.redbus.in/bus-tickets/siliguri-to-kolkata,Easy Ride,Volvo 9600 Multi-Axle A/C Sleeper (2+1),18:30,12h 55m,07:25,4.6,1450.0,8.0
Siliguri to Kolkata Bus,https://www.redbus.in/bus-tickets/siliguri-to-kolkata,Shyamoli Paribahan Pvt Ltd,Volvo 9600 Multi-Axle A/C Sleeper (2+1),18:00,12h 05m,06:05,4.4,1599.0,7.0
Siliguri to Kolkata Bus,https://www.redbus.in/bus-tickets/siliguri-to-kolkata,Modern Travels,Bharat Benz A/C Sleeper (2+1),19:30,12h 15m,07:45,4.5,1200.0,6.0
Siliguri to Kolkata Bus,https://www.redbus.in/bus-tickets/siliguri-to-kolkata,Rubi Paribahan  ,Volvo 9600 Multi-Axle A/C Sleeper (2+1),19:00,12h 30m,07:30,4.3,600.0,20.0
Siliguri to Kolkata Bus,https://www.redbus.in/bus-tickets/siliguri-to-kolkata,Aitiana Airwings,Volvo Multi-Axle Sleeper A/C (2+1),18:30,13h 00m,07:30,4.5,850.0,16.0
Siliguri to Kolkata Bus,https://www.redbus.in/bus-tickets/siliguri-to-kolkata,Poulami Paribahan,Volvo Multi-Axle A/C seater/sleeper (2+1),19:15,12h 15m,07:30,4.2,710.0,29.0
Siliguri to Kolkata Bus,https://www.redbus.in/bus-tickets/siliguri-to-kolkata,Maa Durga Bus Service,NON AC Seater / Sleeper 2+1,18:30,13h 30m,08:00,4.8,765.0,12.0
Siliguri to Kolkata Bus,https://www.redbus.in/bus-tickets/siliguri-to-kolkata,Modern Travels,Bharat Benz A/C Seater /Sleeper (2+1),18:45,12h 50m,07:35,3.5,500.0,26.0
Siliguri to Kolkata Bus,https://www.redbus.in/bus-tickets/siliguri-to-kolkata,Prarthana Bus Service,A/C Seater / Sleeper (2+1),19:30,13h 00m,08:30,3.5,2000.0,27.0
Siliguri to Kolkata Bus,https://www.redbus.in/bus-tickets/siliguri-to-kolkata,Lokenath Bus Service,A/C Seater / Sleeper (2+1),18:15,12h 30m,06:45,3.9,700.0,24.0
Siliguri to Kolkata Bus,https://www.redbus.in/bus-tickets/siliguri-to-kolkata,Annesha Travels,NON A/C Seater / Sleeper (2+2),18:00,13h 00m,07:00,2.4,798.0,12.0
Siliguri to Kolkata Bus,https://www.redbus.in/bus-tickets/siliguri-to-kolkata,Lokenath (Maa Tara),NON A/C Seater / Sleeper (2+2),15:15,14h 30m,05:45,2.8,798.0,10.0
Siliguri to Kolkata Bus,https://www.redbus.in/bus-tickets/siliguri-to-kolkata,Renuka Travels,A/C Seater / Sleeper (2+2),19:30,13h 00m,08:30,1.0,798.0,65.0
Siliguri to Kolkata Bus,https://www.redbus.in/bus-tickets/siliguri-to-kolkata,Aradhana Bus Service,NON A/C Seater / Sleeper (2+2),14:30,16h 00m,06:30,2.6,798.0,33.0
Kolkata to Siliguri Bus,https://www.redbus.in/bus-tickets/kolkata-to-siliguri,Kolkata to Coochbehar (E2) 3:00 pm - 171781,Non AC Seater (2+3),15:00,13h 20m,04:20,3.8,450.0,38.0
Kolkata to Siliguri Bus,https://www.redbus.in/bus-tickets/kolkata-to-siliguri,NBSTC-KOL-COB-R1-17:00 - 156429,Non AC Seater 2+2,17:00,12h 00m,05:00,3.5,486.0,16.0
Kolkata to Siliguri Bus,https://www.redbus.in/bus-tickets/kolkata-to-siliguri,NBSTC-KOL-SLG-R1-18:00 - 156411,NON A/C Seater Push Back (2+2),18:00,12h 00m,06:00,3.9,486.0,17.0
Kolkata to Siliguri Bus,https://www.redbus.in/bus-tickets/kolkata-to-siliguri,NBSTC-KOL-RAI-SLG-RKT-18:30 - 176651,Non AC Seater (2+2),18:30,12h 00m,06:30,4.5,486.0,11.0
Kolkata to Siliguri Bus,https://www.redbus.in/bus-tickets/kolkata-to-siliguri,NBSTC-KOL-RAI-SLG-19:30 - 176649,AC Seater (2+2),19:30,12h 00m,07:30,3.5,800.0,30.0
Kolkata to Siliguri Bus,https://www.redbus.in/bus-tickets/kolkata-to-siliguri,SBSTC-KOLKATA - SILIGURI - VOLVO - 20:05 (BEL DEPT) - 3925,Volvo AC Seater (2+2),20:05,13h 00m,09:05,4.0,1210.0,51.0
Kolkata to Siliguri Bus,https://www.redbus.in/bus-tickets/kolkata-to-siliguri,Lokenath Bus Service,Volvo 9600 Multi-Axle A/C Sleeper (2+1),18:45,12h 45m,07:30,4.6,1499.0,25.0
Kolkata to Siliguri Bus,https://www.redbus.in/bus-tickets/kolkata-to-siliguri,Easy Ride,Volvo 9600 Multi-Axle A/C Sleeper (2+1),19:50,12h 55m,08:45,4.8,1500.0,24.0
Kolkata to Siliguri Bus,https://www.redbus.in/bus-tickets/kolkata-to-siliguri,AdLokenath Bus Service,Volvo Multi-Axle A/C Seater/Sleeper (2+1),18:15,12h 15m,06:30,4.3,1199.0,46.0
Kolkata to Siliguri Bus,https://www.redbus.in/bus-tickets/kolkata-to-siliguri,Easy Ride,Volvo 9600 Multi-Axle A/C Sleeper (2+1),20:30,12h 55m,09:25,4.7,1500.0,30.0
Kolkata to Siliguri Bus,https://www.redbus.in/bus-tickets/kolkata-to-siliguri,Modern Travels,Bharat Benz A/C Sleeper (2+1),19:30,12h 25m,07:55,4.0,1400.0,21.0
Kolkata to Siliguri Bus,https://www.redbus.in/bus-tickets/kolkata-to-siliguri,Shyamoli Paribahan Pvt Ltd,Volvo Multi-Axle A/C seater/sleeper (2+1),18:30,13h 15m,07:45,4.5,1500.0,37.0
Kolkata to Siliguri Bus,https://www.redbus.in/bus-tickets/kolkata-to-siliguri,Greenline,Volvo 9600 Multi-Axle A/C Sleeper (2+1),18:30,13h 15m,07:45,4.3,1499.0,17.0
Kolkata to Siliguri Bus,https://www.redbus.in/bus-tickets/kolkata-to-siliguri,Express Line,Volvo 9600 Multi-Axle A/C Sleeper (2+1),18:30,13h 10m,07:40,4.6,1199.0,21.0
Kolkata to Siliguri Bus,https://www.redbus.in/bus-tickets/kolkata-to-siliguri,Shyamoli Paribahan Pvt Ltd,Volvo 9600 Multi-Axle A/C Sleeper (2+1),18:00,12h 50m,06:50,4.5,1199.0,13.0
Kolkata to Siliguri Bus,https://www.redbus.in/bus-tickets/kolkata-to-siliguri,Shyamoli Paribahan Pvt Ltd,Volvo Multi-Axle A/C seater/sleeper (2+1),21:00,13h 15m,10:15,4.4,1499.0,49.0
Kolkata to Siliguri Bus,https://www.redbus.in/bus-tickets/kolkata-to-siliguri,Lokenath Bus Service,Volvo Multi Axle B11R AC Seater\Sleeper (2+1),20:00,12h 00m,08:00,4.0,1299.0,38.0
Kolkata to Siliguri Bus,https://www.redbus.in/bus-tickets/kolkata-to-siliguri,Express Line,Volvo 9600 A/C Seater/Sleeper (2+1),19:30,12h 55m,08:25,4.4,1199.0,57.0
Kolkata to Siliguri Bus,https://www.redbus.in/bus-tickets/kolkata-to-siliguri,Aitiana Airwings,Volvo Multi-Axle Sleeper A/C (2+1),18:30,13h 00m,07:30,4.5,1149.0,21.0
Kolkata to Siliguri Bus,https://www.redbus.in/bus-tickets/kolkata-to-siliguri,Aitiana Airwings,Benz A/C Sleeper (2+1),18:00,13h 30m,07:30,4.3,850.0,19.0
Kolkata to Siliguri Bus,https://www.redbus.in/bus-tickets/kolkata-to-siliguri,Rubi Paribahan  ,Volvo Multi Axle B11R AC Seater\Sleeper (2+1),18:00,13h 15m,07:15,4.3,600.0,26.0
Kolkata to Siliguri Bus,https://www.redbus.in/bus-tickets/kolkata-to-siliguri,Poulami Paribahan,Volvo Multi-Axle A/C seater/sleeper (2+1),19:00,12h 45m,07:45,4.0,800.0,42.0
Kolkata to Siliguri Bus,https://www.redbus.in/bus-tickets/kolkata-to-siliguri,Modern Travels,Bharat Benz A/C Seater /Sleeper (2+1),18:30,13h 15m,07:45,3.4,1000.0,37.0
Kolkata to Siliguri Bus,https://www.redbus.in/bus-tickets/kolkata-to-siliguri,Lokenath (Maa Tara),NON A/C Seater / Sleeper (2+2),15:45,14h 30m,06:15,3.2,500.0,6.0
Kolkata to Siliguri Bus,https://www.redbus.in/bus-tickets/kolkata-to-siliguri,Royal Cruiser,Scania Multi-Axle AC Semi Sleeper (2+2),18:00,13h 00m,07:00,3.5,570.0,48.0
Kolkata to Siliguri Bus,https://www.redbus.in/bus-tickets/kolkata-to-siliguri,Maa Durga Bus Service,NON A/C Seater / Sleeper (2+2),19:00,14h 00m,09:00,3.0,800.0,8.0
Kolkata to Siliguri Bus,https://www.redbus.in/bus-tickets/kolkata-to-siliguri,Maulik Paribahan,A/C Seater / Sleeper (2+2),18:30,13h 15m,07:45,3.1,750.0,50.0
Kolkata to Siliguri Bus,https://www.redbus.in/bus-tickets/kolkata-to-siliguri,Shyamoli Yatri Paribahan,Volvo AC Seater Pushback 2+2,18:30,12h 30m,07:00,3.2,798.0,44.0
Kolkata to Siliguri Bus,https://www.redbus.in/bus-tickets/kolkata-to-siliguri,Annesha Travels,NON A/C Seater / Sleeper (2+2),17:30,13h 30m,07:00,1.6,798.0,29.0
Kolkata to Siliguri Bus,https://www.redbus.in/bus-tickets/kolkata-to-siliguri,Prarthana Bus Service,A/C Seater / Sleeper (2+1),18:30,11h 30m,06:00,2.7,798.0,42.0
Kolkata to Siliguri Bus,https://www.redbus.in/bus-tickets/kolkata-to-siliguri,Renuka Travels,A/C Seater / Sleeper (2+2),20:00,13h 00m,09:00,1.3,798.0,65.0
Kolkata to Siliguri Bus,https://www.redbus.in/bus-tickets/kolkata-to-siliguri,Aradhana Bus Service,NON A/C Seater / Sleeper (2+2),16:45,14h 15m,07:00,2.2,798.0,33.0
Raiganj to Kolkata Bus,https://www.redbus.in/bus-tickets/raiganj-to-kolkata,NBSTC-RAI-KOL-R1-19:30 - 156414,NON A/C Seater Push Back (2+2),20:30,10h 00m,06:30,3.7,341.0,29.0
Raiganj to Kolkata Bus,https://www.redbus.in/bus-tickets/raiganj-to-kolkata,Express Line,Volvo 9600 Multi-Axle A/C Sleeper (2+1),22:15,08h 55m,07:10,4.6,1499.0,15.0
Raiganj to Kolkata Bus,https://www.redbus.in/bus-tickets/raiganj-to-kolkata,Lokenath Bus Service,Volvo A/C Seater (2+2),20:50,09h 40m,06:30,4.4,760.0,37.0
Raiganj to Kolkata Bus,https://www.redbus.in/bus-tickets/raiganj-to-kolkata,Lokenath Bus Service,Volvo Multi-Axle A/C Seater/Sleeper (2+1),22:45,08h 00m,06:45,4.4,900.0,44.0
Raiganj to Kolkata Bus,https://www.redbus.in/bus-tickets/raiganj-to-kolkata,Lokenath Bus Service,Volvo 9600 Multi-Axle A/C Sleeper (2+1),23:30,08h 15m,07:45,4.6,1200.0,16.0
Raiganj to Kolkata Bus,https://www.redbus.in/bus-tickets/raiganj-to-kolkata,Prarthana Bus Service,A/C Seater / Sleeper (2+1),00:30,08h 00m,08:30,1.9,710.0,33.0
Raiganj to Kolkata Bus,https://www.redbus.in/bus-tickets/raiganj-to-kolkata,Lokenath (Maa Tara),NON A/C Seater / Sleeper (2+2),19:45,11h 15m,07:00,4.8,1599.0,10.0
Raiganj to Kolkata Bus,https://www.redbus.in/bus-tickets/raiganj-to-kolkata,Shyamoli Paribahan Pvt Ltd,Volvo Multi-Axle A/C Seater/Sleeper (2+1),22:15,09h 05m,07:20,4.7,1370.0,21.0
Raiganj to Kolkata Bus,https://www.redbus.in/bus-tickets/raiganj-to-kolkata,Aitiana Airwings,Volvo Multi-Axle Sleeper A/C (2+1),22:00,09h 30m,07:30,4.9,850.0,13.0
Raiganj to Kolkata Bus,https://www.redbus.in/bus-tickets/raiganj-to-kolkata,Rubi Paribahan  ,Volvo 9600 Multi-Axle A/C Sleeper (2+1),23:30,08h 00m,07:30,4.0,1500.0,23.0
Raiganj to Kolkata Bus,https://www.redbus.in/bus-tickets/raiganj-to-kolkata,Shyamoli Paribahan Pvt Ltd,Volvo 9600 Multi-Axle A/C Sleeper (2+1),21:45,08h 20m,06:05,3.4,765.0,7.0
Raiganj to Kolkata Bus,https://www.redbus.in/bus-tickets/raiganj-to-kolkata,Modern Travels,Bharat Benz A/C Seater /Sleeper (2+1),22:55,08h 40m,07:35,4.8,1000.0,28.0
Raiganj to Kolkata Bus,https://www.redbus.in/bus-tickets/raiganj-to-kolkata,Easy Ride,Volvo 9600 Multi-Axle A/C Sleeper (2+1),22:30,08h 55m,07:25,2.7,1550.0,11.0
Raiganj to Kolkata Bus,https://www.redbus.in/bus-tickets/raiganj-to-kolkata,Shyamoli Paribahan Pvt Ltd,Volvo 9600 A/C Seater/Sleeper (2+1),23:45,08h 35m,08:20,1.6,700.0,30.0
Raiganj to Kolkata Bus,https://www.redbus.in/bus-tickets/raiganj-to-kolkata,Lokenath Bus Service,A/C Seater / Sleeper (2+1),22:45,08h 00m,06:45,3.5,600.0,26.0
Raiganj to Kolkata Bus,https://www.redbus.in/bus-tickets/raiganj-to-kolkata,Poulami Paribahan,Volvo Multi-Axle A/C seater/sleeper (2+1),22:45,08h 45m,07:30,3.4,798.0,32.0
Raiganj to Kolkata Bus,https://www.redbus.in/bus-tickets/raiganj-to-kolkata,Modern Travels,Bharat Benz A/C Sleeper (2+1),23:35,08h 10m,07:45,3.0,798.0,6.0
Raiganj to Kolkata Bus,https://www.redbus.in/bus-tickets/raiganj-to-kolkata,Aradhana Bus Service,NON A/C Seater / Sleeper (2+2),19:15,11h 15m,06:30,3.0,798.0,33.0
Raiganj to Kolkata Bus,https://www.redbus.in/bus-tickets/raiganj-to-kolkata,Maa Durga Bus Service,NON AC Seater / Sleeper 2+1,23:00,09h 00m,08:00,4.0,798.0,12.0
Kolkata to Raiganj Bus,https://www.redbus.in/bus-tickets/kolkata-to-raiganj,Kolkata to Coochbehar (E2) 3:00 pm - 171781,Non AC Seater (2+3),15:00,10h 30m,01:30,4.5,315.0,45.0
Kolkata to Raiganj Bus,https://www.redbus.in/bus-tickets/kolkata-to-raiganj,NBSTC-KOL-COB-R1-17:00 - 156429,Non AC Seater 2+2,17:00,07h 30m,00:30,2.2,341.0,22.0
Kolkata to Raiganj Bus,https://www.redbus.in/bus-tickets/kolkata-to-raiganj,NBSTC-KOL-SLG-R1-18:00 - 156411,NON A/C Seater Push Back (2+2),18:00,09h 00m,03:00,3.6,341.0,17.0
Kolkata to Raiganj Bus,https://www.redbus.in/bus-tickets/kolkata-to-raiganj,NBSTC-KOL-RAI-R1-20:30 - 156416,NON A/C Seater Push Back (2+2),20:45,10h 00m,06:45,3.8,341.0,22.0
Kolkata to Raiganj Bus,https://www.redbus.in/bus-tickets/kolkata-to-raiganj,Lokenath Bus Service,Volvo A/C Seater (2+2),21:00,09h 30m,06:30,4.3,760.0,31.0
Kolkata to Raiganj Bus,https://www.redbus.in/bus-tickets/kolkata-to-raiganj,Express Line,Volvo 9600 Multi-Axle A/C Sleeper (2+1),18:30,10h 50m,05:20,4.9,1499.0,27.0
Kolkata to Raiganj Bus,https://www.redbus.in/bus-tickets/kolkata-to-raiganj,Shyamoli Paribahan Pvt Ltd,Volvo Multi-Axle A/C Seater/Sleeper (2+1),21:00,08h 50m,05:50,4.8,1299.0,50.0
Kolkata to Raiganj Bus,https://www.redbus.in/bus-tickets/kolkata-to-raiganj,Shyamoli Paribahan Pvt Ltd,Volvo Multi-Axle A/C Seater/Sleeper (2+1),18:30,09h 20m,03:50,4.5,849.0,34.0
Kolkata to Raiganj Bus,https://www.redbus.in/bus-tickets/kolkata-to-raiganj,Shyamoli Paribahan Pvt Ltd,Volvo 9600 Multi-Axle A/C Sleeper (2+1),18:00,10h 50m,04:50,4.8,799.0,13.0
Kolkata to Raiganj Bus,https://www.redbus.in/bus-tickets/kolkata-to-raiganj,Lokenath Bus Service,Volvo 9600 Multi-Axle A/C Sleeper (2+1),18:45,10h 15m,05:00,4.3,1199.0,25.0
Kolkata to Raiganj Bus,https://www.redbus.in/bus-tickets/kolkata-to-raiganj,Lokenath Bus Service,Volvo Multi Axle B11R AC Seater\Sleeper (2+1),20:00,08h 45m,04:45,4.3,850.0,38.0
Kolkata to Raiganj Bus,https://www.redbus.in/bus-tickets/kolkata-to-raiganj,Lokenath Bus Service,Volvo Multi-Axle A/C Seater/Sleeper (2+1),18:15,09h 15m,03:30,3.3,1400.0,46.0
Kolkata to Raiganj Bus,https://www.redbus.in/bus-tickets/kolkata-to-raiganj,Rubi Paribahan  ,Volvo Multi Axle B11R AC Seater\Sleeper (2+1),18:00,10h 00m,04:00,4.6,1199.0,28.0
Kolkata to Raiganj Bus,https://www.redbus.in/bus-tickets/kolkata-to-raiganj,Modern Travels,Bharat Benz A/C Seater /Sleeper (2+1),18:30,09h 45m,04:15,4.3,1500.0,38.0
Kolkata to Raiganj Bus,https://www.redbus.in/bus-tickets/kolkata-to-raiganj,Rubi Paribahan  ,Volvo 9600 Multi-Axle A/C Sleeper (2+1),19:00,09h 45m,04:45,4.4,1500.0,28.0
Kolkata to Raiganj Bus,https://www.redbus.in/bus-tickets/kolkata-to-raiganj,Express Line,Volvo 9600 A/C Seater/Sleeper (2+1),19:30,10h 30m,06:00,4.4,1450.0,57.0
Kolkata to Raiganj Bus,https://www.redbus.in/bus-tickets/kolkata-to-raiganj,Royal Cruiser,Scania Multi-Axle AC Semi Sleeper (2+2),18:00,09h 00m,03:00,4.0,900.0,48.0
Kolkata to Raiganj Bus,https://www.redbus.in/bus-tickets/kolkata-to-raiganj,Easy Ride,Volvo 9600 Multi-Axle A/C Sleeper (2+1),19:50,10h 10m,06:00,5.0,750.0,23.0
Kolkata to Raiganj Bus,https://www.redbus.in/bus-tickets/kolkata-to-raiganj,Easy Ride,Volvo 9600 Multi-Axle A/C Sleeper (2+1),20:30,10h 10m,06:40,4.8,900.0,30.0
Kolkata to Raiganj Bus,https://www.redbus.in/bus-tickets/kolkata-to-raiganj,Modern Travels,Bharat Benz A/C Sleeper (2+1),19:30,09h 30m,05:00,4.0,1099.0,23.0
Kolkata to Raiganj Bus,https://www.redbus.in/bus-tickets/kolkata-to-raiganj,Poulami Paribahan,Volvo Multi-Axle A/C Seater/Sleeper (2+1),19:00,09h 45m,04:45,3.7,800.0,43.0
Kolkata to Raiganj Bus,https://www.redbus.in/bus-tickets/kolkata-to-raiganj,Lokenath (Maa Tara),NON A/C Seater / Sleeper (2+2),21:30,10h 30m,08:00,1.7,600.0,12.0
Kolkata to Raiganj Bus,https://www.redbus.in/bus-tickets/kolkata-to-raiganj,Lokenath (Maa Tara),NON A/C Seater / Sleeper (2+2),15:45,11h 30m,03:15,1.8,798.0,6.0
Kolkata to Raiganj Bus,https://www.redbus.in/bus-tickets/kolkata-to-raiganj,Aradhana Bus Service,NON A/C Seater / Sleeper (2+2),16:45,10h 45m,03:30,2.4,798.0,33.0
Kolkata to Raiganj Bus,https://www.redbus.in/bus-tickets/kolkata-to-raiganj,Shyamoli Yatri Paribahan,Volvo AC Seater Pushback 2+2,18:30,09h 30m,04:00,3.6,798.0,44.0
Kolkata to Raiganj Bus,https://www.redbus.in/bus-tickets/kolkata-to-raiganj,Aitiana Airwings,Benz A/C Sleeper (2+1),18:00,10h 00m,04:00,2.4,798.0,19.0
Kolkata to Raiganj Bus,https://www.redbus.in/bus-tickets/kolkata-to-raiganj,Maulik Paribahan,A/C Seater / Sleeper (2+2),18:30,09h 00m,03:30,1.0,798.0,50.0
Kolkata to Raiganj Bus,https://www.redbus.in/bus-tickets/kolkata-to-raiganj,Maa Durga Bus Service,NON A/C Seater / Sleeper (2+2),19:00,11h 15m,06:15,1.0,798.0,16.0
Kolkata to Malda Bus,https://www.redbus.in/bus-tickets/kolkata-to-malda,Kolkata to Coochbehar (E2) 3:00 pm - 171781,Non AC Seater (2+3),15:00,08h 45m,23:45,3.9,256.0,17.0
Kolkata to Malda Bus,https://www.redbus.in/bus-tickets/kolkata-to-malda,NBSTC-KOL-COB-R1-17:00 - 156429,Non AC Seater 2+2,17:00,08h 17m,01:17,3.7,281.0,30.0
Kolkata to Malda Bus,https://www.redbus.in/bus-tickets/kolkata-to-malda,NBSTC-KOL-SLG-R1-18:00 - 156411,NON A/C Seater Push Back (2+2),18:00,05h 15m,23:15,2.3,281.0,19.0
Kolkata to Malda Bus,https://www.redbus.in/bus-tickets/kolkata-to-malda,NBSTC-KOL-BLG-R1-19:30 - 156420,NON A/C Seater Push Back (2+2),19:45,09h 30m,05:15,3.7,281.0,49.0
Kolkata to Malda Bus,https://www.redbus.in/bus-tickets/kolkata-to-malda,NBSTC-KOL-RAI-R1-20:30 - 156416,NON A/C Seater Push Back (2+2),20:45,07h 00m,03:45,3.6,280.0,25.0
Kolkata to Malda Bus,https://www.redbus.in/bus-tickets/kolkata-to-malda,SBSTC-KOLKATA - SILIGURI - VOLVO - 20:05 (BEL DEPT) - 3925,Volvo AC Seater (2+2),20:05,03h 55m,00:00,3.0,660.0,41.0
Kolkata to Malda Bus,https://www.redbus.in/bus-tickets/kolkata-to-malda,Express Line,Volvo 9600 A/C Seater/Sleeper (2+1),19:45,08h 45m,04:30,4.4,599.0,48.0
Kolkata to Malda Bus,https://www.redbus.in/bus-tickets/kolkata-to-malda,Shyamoli Paribahan Pvt Ltd,Volvo A/C Seater (2+2),20:00,08h 30m,04:30,4.2,650.0,31.0
Kolkata to Malda Bus,https://www.redbus.in/bus-tickets/kolkata-to-malda,Royal Cruiser,Scania Multi-Axle AC Semi Sleeper (2+2),18:00,08h 05m,02:05,4.0,600.0,41.0
Kolkata to Malda Bus,https://www.redbus.in/bus-tickets/kolkata-to-malda,Lokenath Bus Service,Volvo A/C Seater (2+2),21:00,08h 15m,05:15,4.3,650.0,34.0
Kolkata to Malda Bus,https://www.redbus.in/bus-tickets/kolkata-to-malda,Rubi Paribahan  ,Volvo 9600 A/C Seater/Sleeper (2+1),19:30,06h 40m,02:10,4.0,700.0,46.0
Kolkata to Malda Bus,https://www.redbus.in/bus-tickets/kolkata-to-malda,Shyamoli Paribahan Pvt Ltd,Volvo Multi-Axle A/C Seater/Sleeper (2+1),18:30,08h 50m,03:20,4.2,699.0,49.0
Kolkata to Malda Bus,https://www.redbus.in/bus-tickets/kolkata-to-malda,Lokenath Bus Service,Volvo Multi-Axle A/C Seater/Sleeper (2+1),18:15,08h 15m,02:30,4.4,700.0,57.0
Kolkata to Malda Bus,https://www.redbus.in/bus-tickets/kolkata-to-malda,Shyamoli Paribahan Pvt Ltd,Volvo Multi-Axle A/C seater/sleeper (2+1),21:00,08h 20m,05:20,4.7,1199.0,42.0
Kolkata to Malda Bus,https://www.redbus.in/bus-tickets/kolkata-to-malda,Express Line,Volvo 9600 A/C Seater/Sleeper (2+1),19:30,08h 30m,04:00,4.5,700.0,6.0
Kolkata to Malda Bus,https://www.redbus.in/bus-tickets/kolkata-to-malda,Poulami Paribahan,Volvo Multi-Axle A/C seater/sleeper (2+1),19:00,08h 00m,03:00,4.4,999.0,25.0
Kolkata to Malda Bus,https://www.redbus.in/bus-tickets/kolkata-to-malda,Lokenath (Maa Tara),NON A/C Seater / Sleeper (2+2),15:45,10h 00m,01:45,5.0,1499.0,27.0
Kolkata to Malda Bus,https://www.redbus.in/bus-tickets/kolkata-to-malda,Lokenath Bus Service,Volvo 9600 Multi-Axle A/C Sleeper (2+1),18:45,08h 45m,03:30,4.3,1199.0,27.0
Kolkata to Malda Bus,https://www.redbus.in/bus-tickets/kolkata-to-malda,Express Line,Volvo 9600 Multi-Axle A/C Sleeper (2+1),18:30,08h 50m,03:20,4.6,1500.0,25.0
Kolkata to Malda Bus,https://www.redbus.in/bus-tickets/kolkata-to-malda,Rubi Paribahan  ,Volvo Multi Axle B11R AC Seater\Sleeper (2+1),18:00,08h 30m,02:30,4.0,1499.0,22.0
Kolkata to Malda Bus,https://www.redbus.in/bus-tickets/kolkata-to-malda,Easy Ride,Volvo 9600 Multi-Axle A/C Sleeper (2+1),19:50,09h 00m,04:50,4.8,1099.0,13.0
Kolkata to Malda Bus,https://www.redbus.in/bus-tickets/kolkata-to-malda,Aitiana Airwings,Volvo Multi-Axle Sleeper A/C (2+1),18:30,08h 45m,03:15,5.0,1500.0,19.0
Kolkata to Malda Bus,https://www.redbus.in/bus-tickets/kolkata-to-malda,Shyamoli Paribahan Pvt Ltd,Volvo 9600 Multi-Axle A/C Sleeper (2+1),18:00,08h 50m,02:50,5.0,800.0,30.0
Kolkata to Malda Bus,https://www.redbus.in/bus-tickets/kolkata-to-malda,Aitiana Airwings,Benz A/C Sleeper (2+1),18:00,09h 15m,03:15,5.0,699.0,50.0
Kolkata to Malda Bus,https://www.redbus.in/bus-tickets/kolkata-to-malda,Easy Ride,Volvo 9600 Multi-Axle A/C Sleeper (2+1),20:30,09h 00m,05:30,4.0,600.0,38.0
Kolkata to Malda Bus,https://www.redbus.in/bus-tickets/kolkata-to-malda,Maulik Paribahan,A/C Seater / Sleeper (2+2),18:30,08h 50m,03:20,3.0,500.0,8.0
Kolkata to Malda Bus,https://www.redbus.in/bus-tickets/kolkata-to-malda,Lokenath Bus Service,Volvo Multi Axle B11R AC Seater\Sleeper (2+1),20:00,07h 45m,03:45,3.9,370.0,59.0
Kolkata to Malda Bus,https://www.redbus.in/bus-tickets/kolkata-to-malda,Maa Durga Bus Service,NON A/C Seater / Sleeper (2+2),19:00,10h 30m,05:30,3.0,320.0,43.0
Kolkata to Malda Bus,https://www.redbus.in/bus-tickets/kolkata-to-malda,Jio Dolphin Travels,VE A/C Seater / Sleeper (2+2),18:45,10h 15m,05:00,2.1,455.0,35.0
Kolkata to Malda Bus,https://www.redbus.in/bus-tickets/kolkata-to-malda,Padmanabha Paribahan,A/C Seater / Sleeper (2+2),20:00,07h 30m,03:30,2.6,770.0,60.0
Kolkata to Malda Bus,https://www.redbus.in/bus-tickets/kolkata-to-malda,Sonar Tori,A/C Seater / Sleeper (2+2),19:45,09h 00m,04:45,2.2,400.0,26.0
Kolkata to Malda Bus,https://www.redbus.in/bus-tickets/kolkata-to-malda,Renuka Travels,NON A/C Seater / Sleeper (2+2),20:30,08h 45m,05:15,2.0,800.0,12.0
Kolkata to Malda Bus,https://www.redbus.in/bus-tickets/kolkata-to-malda,Swarnali Paribahan,NON A/C Seater Push Back (2+2),19:30,10h 00m,05:30,1.4,455.0,43.0
Kolkata to Malda Bus,https://www.redbus.in/bus-tickets/kolkata-to-malda,Wasim Travels,NON A/C Seater / Sleeper (2+2),22:30,09h 00m,07:30,1.6,850.0,12.0
Kolkata to Malda Bus,https://www.redbus.in/bus-tickets/kolkata-to-malda,Prarthana Bus Service,A/C Seater / Sleeper (2+1),18:30,08h 30m,03:00,2.2,750.0,13.0
Kolkata to Malda Bus,https://www.redbus.in/bus-tickets/kolkata-to-malda,Lokenath (Maa Tara),NON A/C Seater / Sleeper (2+2),21:30,08h 40m,06:10,2.6,798.0,44.0
Kolkata to Malda Bus,https://www.redbus.in/bus-tickets/kolkata-to-malda,New Dolphin Travels,NON A/C Seater / Sleeper (2+2),17:30,10h 30m,04:00,2.0,798.0,12.0
Kolkata to Malda Bus,https://www.redbus.in/bus-tickets/kolkata-to-malda,Shyamoli Yatri Paribahan,Volvo AC Seater Pushback 2+2,18:30,09h 00m,03:30,2.2,798.0,30.0
Kolkata to Malda Bus,https://www.redbus.in/bus-tickets/kolkata-to-malda,Wasim Travels,NON A/C Seater / Sleeper (2+2),22:00,09h 00m,07:00,2.9,798.0,33.0
Kolkata to Malda Bus,https://www.redbus.in/bus-tickets/kolkata-to-malda,Modern Travels,Bharat Benz A/C Seater /Sleeper (2+1),18:30,08h 00m,02:30,2.6,798.0,29.0
Kolkata to Malda Bus,https://www.redbus.in/bus-tickets/kolkata-to-malda,Aradhana Bus Service,NON A/C Seater / Sleeper (2+2),16:45,09h 15m,02:00,4.0,798.0,29.0
Malda to Kolkata Bus,https://www.redbus.in/bus-tickets/malda-to-kolkata,NBSTC-BLG-KOL-R1-18:30 - 156419,NON A/C Seater Push Back (2+2),20:45,09h 15m,06:00,3.9,276.0,18.0
Malda to Kolkata Bus,https://www.redbus.in/bus-tickets/malda-to-kolkata,NBSTC-RAI-KOL-R1-19:30 - 156414,NON A/C Seater Push Back (2+2),22:00,08h 30m,06:30,3.9,276.0,29.0
Malda to Kolkata Bus,https://www.redbus.in/bus-tickets/malda-to-kolkata,Shyamoli Paribahan Pvt Ltd,Volvo A/C Seater (2+2),22:00,07h 00m,05:00,4.1,600.0,37.0
Malda to Kolkata Bus,https://www.redbus.in/bus-tickets/malda-to-kolkata,Express Line,Volvo 9600 A/C Seater/Sleeper (2+1),22:00,07h 00m,05:00,4.6,599.0,44.0
Malda to Kolkata Bus,https://www.redbus.in/bus-tickets/malda-to-kolkata,Lokenath Bus Service,Volvo A/C Seater (2+2),22:35,07h 55m,06:30,4.3,600.0,37.0
Malda to Kolkata Bus,https://www.redbus.in/bus-tickets/malda-to-kolkata,Rubi Paribahan  ,Volvo 9600 A/C Seater/Sleeper (2+1),21:20,07h 10m,04:30,4.1,700.0,41.0
Malda to Kolkata Bus,https://www.redbus.in/bus-tickets/malda-to-kolkata,New Dolphin Travels,NON A/C Seater / Sleeper (2+2),22:45,07h 45m,06:30,4.1,350.0,28.0
Malda to Kolkata Bus,https://www.redbus.in/bus-tickets/malda-to-kolkata,Lokenath Bus Service,Volvo Multi-Axle A/C Seater/Sleeper (2+1),23:55,06h 50m,06:45,4.5,700.0,49.0
Malda to Kolkata Bus,https://www.redbus.in/bus-tickets/malda-to-kolkata,Shyamoli Paribahan Pvt Ltd,Volvo 9600 Multi-Axle A/C Sleeper (2+1),23:15,06h 50m,06:05,4.5,1599.0,7.0
Malda to Kolkata Bus,https://www.redbus.in/bus-tickets/malda-to-kolkata,Aitiana Airwings,Volvo Multi-Axle Sleeper A/C (2+1),23:30,08h 00m,07:30,5.0,1500.0,13.0
Malda to Kolkata Bus,https://www.redbus.in/bus-tickets/malda-to-kolkata,Easy Ride,Volvo 9600 Multi-Axle A/C Sleeper (2+1),23:40,07h 45m,07:25,4.9,600.0,11.0
Malda to Kolkata Bus,https://www.redbus.in/bus-tickets/malda-to-kolkata,Padmanabha Paribahan,A/C Seater / Sleeper (2+2),22:10,08h 50m,07:00,3.6,765.0,37.0
Malda to Kolkata Bus,https://www.redbus.in/bus-tickets/malda-to-kolkata,Maa Durga Bus Service,NON AC Seater / Sleeper 2+1,23:59,08h 01m,08:00,3.0,700.0,12.0
Malda to Kolkata Bus,https://www.redbus.in/bus-tickets/malda-to-kolkata,Sonar Tori,A/C Seater / Sleeper (2+2),22:20,08h 10m,06:30,3.9,350.0,37.0
Malda to Kolkata Bus,https://www.redbus.in/bus-tickets/malda-to-kolkata,Shree Krishna Travels,NON A/C Seater / Sleeper (2+2),22:00,08h 00m,06:00,3.3,350.0,35.0
Malda to Kolkata Bus,https://www.redbus.in/bus-tickets/malda-to-kolkata,Lokenath Bus Service,A/C Seater / Sleeper (2+1),23:45,07h 00m,06:45,3.1,280.0,29.0
Malda to Kolkata Bus,https://www.redbus.in/bus-tickets/malda-to-kolkata,Shyamoli Paribahan Pvt Ltd,Volvo Multi-Axle A/C seater/sleeper (2+1),23:45,07h 35m,07:20,3.0,350.0,20.0
Malda to Kolkata Bus,https://www.redbus.in/bus-tickets/malda-to-kolkata,Aradhana Bus Service,NON A/C Seater / Sleeper (2+2),21:30,09h 00m,06:30,1.7,850.0,33.0
Malda to Kolkata Bus,https://www.redbus.in/bus-tickets/malda-to-kolkata,Jio Dolphin Travels,NON A/C Seater / Sleeper (2+2),21:55,07h 35m,05:30,2.9,455.0,29.0
Malda to Kolkata Bus,https://www.redbus.in/bus-tickets/malda-to-kolkata,Lokenath (Maa Tara),NON A/C Seater / Sleeper (2+2),22:00,07h 45m,05:45,2.1,798.0,10.0
Malda to Kolkata Bus,https://www.redbus.in/bus-tickets/malda-to-kolkata,Mohanta Travels,NON A/C Seater / Sleeper (2+2),22:10,07h 50m,06:00,2.3,798.0,29.0
Malda to Kolkata Bus,https://www.redbus.in/bus-tickets/malda-to-kolkata,Renuka Travels,NON A/C Seater / Sleeper (2+2),21:00,09h 00m,06:00,1.3,798.0,40.0
Malda to Kolkata Bus,https://www.redbus.in/bus-tickets/malda-to-kolkata,Lokenath (Maa Tara),NON A/C Seater / Sleeper (2+2),22:30,08h 30m,07:00,2.6,798.0,10.0
Malda to Kolkata Bus,https://www.redbus.in/bus-tickets/malda-to-kolkata,Renuka Travels,NON A/C Seater / Sleeper (2+2),21:30,09h 00m,06:30,1.0,798.0,40.0
Malda to Kolkata Bus,https://www.redbus.in/bus-tickets/malda-to-kolkata,Modern Travels,Bharat Benz A/C Seater /Sleeper (2+1),23:40,07h 55m,07:35,2.7,798.0,28.0
Malda to Kolkata Bus,https://www.redbus.in/bus-tickets/malda-to-kolkata,Wasim Travels,NON A/C Seater / Sleeper (2+2),19:30,09h 30m,05:00,2.8,798.0,12.0
Cooch Behar (West Bengal) to Berhampore Bus,https://www.redbus.in/bus-tickets/cooch-behar-west-bengal-to-berhampore,NBSTC-COB-BHP-R1-19:00 - 156424,Non AC Seater 2+2,19:00,12h 30m,07:30,3.8,448.0,4.0
Cooch Behar (West Bengal) to Berhampore Bus,https://www.redbus.in/bus-tickets/cooch-behar-west-bengal-to-berhampore,Upasana Transport,NON A/C Seater / Sleeper (2+2),17:00,13h 40m,06:40,3.0,600.0,11.0
Kolkata to Cooch Behar (West Bengal) Bus,https://www.redbus.in/bus-tickets/kolkata-to-cooch-behar-west-bengal,Kolkata to Coochbehar (E2) 3:00 pm - 171781,Non AC Seater (2+3),15:00,15h 00m,06:00,3.8,565.0,42.0
Kolkata to Cooch Behar (West Bengal) Bus,https://www.redbus.in/bus-tickets/kolkata-to-cooch-behar-west-bengal,NBSTC-KOL-COB-R1-17:00 - 156429,Non AC Seater 2+2,17:00,15h 00m,08:00,3.3,608.0,16.0
Kolkata to Balurghat Bus,https://www.redbus.in/bus-tickets/kolkata-to-balurghat,NBSTC-KOL-BLG-R1-19:30 - 156420,NON A/C Seater Push Back (2+2),19:45,11h 30m,07:15,4.2,367.0,30.0
Kolkata to Balurghat Bus,https://www.redbus.in/bus-tickets/kolkata-to-balurghat,Express Line,Volvo 9600 A/C Seater/Sleeper (2+1),19:45,10h 30m,06:15,4.6,649.0,24.0
Kolkata to Balurghat Bus,https://www.redbus.in/bus-tickets/kolkata-to-balurghat,Rubi Paribahan  ,Volvo 9600 A/C Seater/Sleeper (2+1),19:30,08h 30m,04:00,4.1,650.0,41.0
Kolkata to Balurghat Bus,https://www.redbus.in/bus-tickets/kolkata-to-balurghat,Shyamoli Paribahan Pvt Ltd,Volvo A/C Seater (2+2),20:00,10h 15m,06:15,4.0,650.0,41.0
Kolkata to Balurghat Bus,https://www.redbus.in/bus-tickets/kolkata-to-balurghat,Sonar Tori,A/C Seater / Sleeper (2+2),19:45,09h 45m,05:30,3.4,500.0,35.0
Kolkata to Balurghat Bus,https://www.redbus.in/bus-tickets/kolkata-to-balurghat,Padmanabha Paribahan,A/C Seater / Sleeper (2+2),20:00,10h 30m,06:30,2.9,370.0,43.0
Kolkata to Balurghat Bus,https://www.redbus.in/bus-tickets/kolkata-to-balurghat,Jio Dolphin Travels,VE A/C Seater / Sleeper (2+2),18:45,11h 15m,06:00,2.7,400.0,59.0
Kolkata to Balurghat Bus,https://www.redbus.in/bus-tickets/kolkata-to-balurghat,Jio Dolphin Travels,NON A/C Seater / Sleeper (2+2),19:30,12h 30m,08:00,2.3,320.0,20.0
Kolkata to Balurghat Bus,https://www.redbus.in/bus-tickets/kolkata-to-balurghat,Shree Krishna Travels,NON A/C Seater / Sleeper (2+2),18:45,12h 45m,07:30,2.8,798.0,8.0
Kolkata to Balurghat Bus,https://www.redbus.in/bus-tickets/kolkata-to-balurghat,New Dolphin Travels,NON A/C Seater / Sleeper (2+2),17:30,13h 30m,07:00,2.9,798.0,13.0
Kolkata to Balurghat Bus,https://www.redbus.in/bus-tickets/kolkata-to-balurghat,Swarnali Paribahan,NON A/C Seater Push Back (2+2),19:30,12h 15m,07:45,1.8,798.0,26.0
Berhampore to Cooch Behar (West Bengal) Bus,https://www.redbus.in/bus-tickets/berhampore-to-cooch-behar-west-bengal,NBSTC-BHP-COB-R1-18:30 - 156423,Non AC Seater 2+2,18:30,12h 30m,07:00,3.9,448.0,23.0
Berhampore to Cooch Behar (West Bengal) Bus,https://www.redbus.in/bus-tickets/berhampore-to-cooch-behar-west-bengal,Upasana Transport,NON A/C Seater / Sleeper (2+2),20:40,12h 10m,08:50,4.1,600.0,14.0
Berhampore to Siliguri Bus,https://www.redbus.in/bus-tickets/berhampore-to-siliguri,NBSTC-BHP-COB-R1-18:30 - 156423,Non AC Seater 2+2,18:30,08h 00m,02:30,3.5,326.0,23.0
Berhampore to Siliguri Bus,https://www.redbus.in/bus-tickets/berhampore-to-siliguri,Lokenath Bus Service,Volvo Multi-Axle A/C Seater/Sleeper (2+1),23:45,06h 45m,06:30,4.3,849.0,49.0
Berhampore to Siliguri Bus,https://www.redbus.in/bus-tickets/berhampore-to-siliguri,Rubi Paribahan  ,Volvo Multi Axle B11R AC Seater\Sleeper (2+1),23:59,07h 16m,07:15,4.0,1199.0,27.0
Berhampore to Siliguri Bus,https://www.redbus.in/bus-tickets/berhampore-to-siliguri,Aradhana Travels,Volvo A/C B11R Multi Axle Semi Sleeper (2+2),22:00,08h 00m,06:00,3.9,450.0,44.0
Berhampore to Siliguri Bus,https://www.redbus.in/bus-tickets/berhampore-to-siliguri,Aradhana Travels,A/C Seater / Sleeper (2+1),20:50,09h 10m,06:00,3.8,475.0,37.0
Berhampore to Siliguri Bus,https://www.redbus.in/bus-tickets/berhampore-to-siliguri,Aradhana Travels,NON A/C Seater / Sleeper (2+2),21:10,10h 20m,07:30,3.2,500.0,31.0
Berhampore to Siliguri Bus,https://www.redbus.in/bus-tickets/berhampore-to-siliguri,Royal Bus Service,NON A/C Seater / Sleeper (2+2),21:30,08h 30m,06:00,3.3,700.0,22.0
Berhampore to Siliguri Bus,https://www.redbus.in/bus-tickets/berhampore-to-siliguri,Aradhana Bus Service,A/C Seater / Sleeper (2+2),20:00,09h 00m,05:00,3.0,750.0,65.0
Berhampore to Siliguri Bus,https://www.redbus.in/bus-tickets/berhampore-to-siliguri,Aradhana Bus Service,NON A/C Seater / Sleeper (2+2),19:30,10h 00m,05:30,1.7,798.0,53.0
Berhampore to Siliguri Bus,https://www.redbus.in/bus-tickets/berhampore-to-siliguri,Upasana Transport,NON A/C Seater / Sleeper (2+2),20:40,08h 20m,05:00,2.5,798.0,14.0
Berhampore to Siliguri Bus,https://www.redbus.in/bus-tickets/berhampore-to-siliguri,Lokenath (Maa Tara),NON A/C Seater / Sleeper (2+2),22:15,08h 00m,06:15,1.7,798.0,6.0
Berhampore to Siliguri Bus,https://www.redbus.in/bus-tickets/berhampore-to-siliguri,RAYAN,NON A/C Seater / Sleeper (2+2),22:30,08h 00m,06:30,1.0,798.0,10.0
Berhampore to Siliguri Bus,https://www.redbus.in/bus-tickets/berhampore-to-siliguri,Upasana Transport,A/C Seater / Sleeper (2+2),20:20,08h 40m,05:00,2.1,798.0,16.0
Berhampore to Siliguri Bus,https://www.redbus.in/bus-tickets/berhampore-to-siliguri,Aradhana Bus Service,NON A/C Seater / Sleeper (2+2),23:15,07h 45m,07:00,2.6,798.0,33.0
Cooch Behar (West Bengal) to Raiganj Bus,https://www.redbus.in/bus-tickets/cooch-behar-west-bengal-to-raiganj,NBSTC-COB-BHP-R1-19:00 - 156424,Non AC Seater 2+2,19:00,06h 45m,01:45,3.6,277.0,7.0
Malda to Cooch Behar (West Bengal) Bus,https://www.redbus.in/bus-tickets/malda-to-cooch-behar-west-bengal,NBSTC-BHP-COB-R1-18:30 - 156423,Non AC Seater 2+2,20:50,10h 10m,07:00,3.1,338.0,26.0
Balurghat to Kolkata Bus,https://www.redbus.in/bus-tickets/balurghat-to-kolkata,NBSTC-BLG-KOL-R1-18:30 - 156419,NON A/C Seater Push Back (2+2),18:30,11h 30m,06:00,3.8,367.0,18.0
Balurghat to Kolkata Bus,https://www.redbus.in/bus-tickets/balurghat-to-kolkata,Shyamoli Paribahan Pvt Ltd,Volvo A/C Seater (2+2),19:15,09h 45m,05:00,4.1,700.0,37.0
Balurghat to Kolkata Bus,https://www.redbus.in/bus-tickets/balurghat-to-kolkata,Express Line,Volvo 9600 A/C Seater/Sleeper (2+1),18:50,10h 10m,05:00,4.6,699.0,44.0
Balurghat to Kolkata Bus,https://www.redbus.in/bus-tickets/balurghat-to-kolkata,Rubi Paribahan  ,Volvo 9600 A/C Seater/Sleeper (2+1),18:55,09h 35m,04:30,4.2,700.0,41.0
Balurghat to Kolkata Bus,https://www.redbus.in/bus-tickets/balurghat-to-kolkata,New Dolphin Travels,NON A/C Seater / Sleeper (2+2),19:45,10h 45m,06:30,3.5,400.0,28.0
Balurghat to Kolkata Bus,https://www.redbus.in/bus-tickets/balurghat-to-kolkata,Sonar Tori,A/C Seater / Sleeper (2+2),19:30,11h 00m,06:30,3.9,350.0,37.0
Balurghat to Kolkata Bus,https://www.redbus.in/bus-tickets/balurghat-to-kolkata,Padmanabha Paribahan,A/C Seater / Sleeper (2+2),19:15,11h 45m,07:00,3.3,798.0,37.0
Balurghat to Kolkata Bus,https://www.redbus.in/bus-tickets/balurghat-to-kolkata,Mohanta Travels,NON A/C Seater / Sleeper (2+2),19:00,11h 00m,06:00,3.1,798.0,29.0
Balurghat to Kolkata Bus,https://www.redbus.in/bus-tickets/balurghat-to-kolkata,Shree Krishna Travels,NON A/C Seater / Sleeper (2+2),18:45,11h 15m,06:00,3.8,798.0,35.0
Balurghat to Kolkata Bus,https://www.redbus.in/bus-tickets/balurghat-to-kolkata,Jio Dolphin Travels,NON A/C Seater / Sleeper (2+2),18:30,11h 00m,05:30,3.2,798.0,29.0
Siliguri to Berhampore Bus,https://www.redbus.in/bus-tickets/siliguri-to-berhampore,NBSTC-SLG-KOL-R1-18:30 - 156410,NON A/C Seater Push Back (2+2),18:30,06h 40m,01:10,4.0,326.0,11.0
Siliguri to Berhampore Bus,https://www.redbus.in/bus-tickets/siliguri-to-berhampore,Lokenath Bus Service,Volvo Multi-Axle A/C Seater/Sleeper (2+1),18:45,07h 15m,02:00,4.3,900.0,40.0
Siliguri to Berhampore Bus,https://www.redbus.in/bus-tickets/siliguri-to-berhampore,Aradhana Travels,Volvo A/C B11R Multi Axle Semi Sleeper (2+2),21:30,08h 00m,05:30,3.8,1200.0,9.0
Siliguri to Berhampore Bus,https://www.redbus.in/bus-tickets/siliguri-to-berhampore,Lokenath Bus Service,Volvo 9600 Multi-Axle A/C Sleeper (2+1),19:15,07h 15m,02:30,4.7,1200.0,16.0
Siliguri to Berhampore Bus,https://www.redbus.in/bus-tickets/siliguri-to-berhampore,Lokenath Bus Service,Volvo Multi Axle B11R AC Seater\Sleeper (2+1),21:00,06h 55m,03:55,4.7,700.0,44.0
Siliguri to Berhampore Bus,https://www.redbus.in/bus-tickets/siliguri-to-berhampore,Upasana Transport,A/C Seater / Sleeper (2+2),20:00,08h 30m,04:30,3.5,1500.0,15.0
Siliguri to Berhampore Bus,https://www.redbus.in/bus-tickets/siliguri-to-berhampore,Easy Ride,Volvo 9600 Multi-Axle A/C Sleeper (2+1),18:30,07h 20m,01:50,4.3,475.0,9.0
Siliguri to Berhampore Bus,https://www.redbus.in/bus-tickets/siliguri-to-berhampore,Upasana Transport,NON A/C Seater / Sleeper (2+2),22:20,08h 20m,06:40,3.1,1370.0,11.0
Siliguri to Berhampore Bus,https://www.redbus.in/bus-tickets/siliguri-to-berhampore,Aradhana Travels,A/C Seater / Sleeper (2+1),19:05,07h 45m,02:50,3.1,850.0,18.0
Siliguri to Berhampore Bus,https://www.redbus.in/bus-tickets/siliguri-to-berhampore,Rubi Paribahan  ,Volvo 9600 Multi-Axle A/C Sleeper (2+1),19:00,07h 40m,02:40,2.8,1500.0,23.0
Siliguri to Berhampore Bus,https://www.redbus.in/bus-tickets/siliguri-to-berhampore,Modern Travels,Bharat Benz A/C Seater /Sleeper (2+1),18:45,07h 00m,01:45,3.3,765.0,28.0
Siliguri to Berhampore Bus,https://www.redbus.in/bus-tickets/siliguri-to-berhampore,Lokenath (Maa Tara),NON A/C Seater / Sleeper (2+2),15:15,08h 30m,23:45,1.0,1550.0,23.0
Siliguri to Berhampore Bus,https://www.redbus.in/bus-tickets/siliguri-to-berhampore,Easy Ride,Volvo 9600 Multi-Axle A/C Sleeper (2+1),20:30,07h 20m,03:50,5.0,700.0,33.0
Siliguri to Berhampore Bus,https://www.redbus.in/bus-tickets/siliguri-to-berhampore,Aradhana Travels,NON A/C Seater / Sleeper (2+2),22:00,10h 30m,08:30,2.1,798.0,26.0
Siliguri to Berhampore Bus,https://www.redbus.in/bus-tickets/siliguri-to-berhampore,Lokenath Bus Service,A/C Seater / Sleeper (2+1),18:15,08h 00m,02:15,4.7,798.0,6.0
Siliguri to Berhampore Bus,https://www.redbus.in/bus-tickets/siliguri-to-berhampore,Modern Travels,Bharat Benz A/C Sleeper (2+1),19:30,07h 45m,03:15,3.3,798.0,33.0
Siliguri to Berhampore Bus,https://www.redbus.in/bus-tickets/siliguri-to-berhampore,Aradhana Bus Service,NON A/C Seater / Sleeper (2+2),14:30,10h 00m,00:30,1.0,798.0,6.0
Siliguri to Berhampore Bus,https://www.redbus.in/bus-tickets/siliguri-to-berhampore,SAHA & CO,Scania AC Seater 2+2,22:00,08h 00m,06:00,3.5,798.0,21.0
Siliguri to Berhampore Bus,https://www.redbus.in/bus-tickets/siliguri-to-berhampore,Shyamoli Paribahan Pvt Ltd,Volvo Multi-Axle A/C Seater/Sleeper (2+1),18:30,08h 00m,02:30,2.0,798.0,29.0
Cooch Behar (West Bengal) to Malda Bus,https://www.redbus.in/bus-tickets/cooch-behar-west-bengal-to-malda,NBSTC-COB-KOL-R1-13:30 - 156428,Non AC Seater 2+2,13:30,07h 30m,21:00,3.3,338.0,8.0
Cooch Behar (West Bengal) to Malda Bus,https://www.redbus.in/bus-tickets/cooch-behar-west-bengal-to-malda,NBSTC-COB-BHP-R1-19:00 - 156424,Non AC Seater 2+2,19:00,08h 19m,03:19,3.9,338.0,29.0
Kolkata to Gangarampur Bus,https://www.redbus.in/bus-tickets/kolkata-to-gangarampur,NBSTC-KOL-BLG-R1-19:30 - 156420,NON A/C Seater Push Back (2+2),19:45,10h 30m,06:15,3.7,335.0,30.0
Kolkata to Gangarampur Bus,https://www.redbus.in/bus-tickets/kolkata-to-gangarampur,Express Line,Volvo 9600 A/C Seater/Sleeper (2+1),19:45,10h 00m,05:45,4.6,649.0,25.0
Kolkata to Gangarampur Bus,https://www.redbus.in/bus-tickets/kolkata-to-gangarampur,Rubi Paribahan  ,Volvo 9600 A/C Seater/Sleeper (2+1),19:30,07h 45m,03:15,4.0,650.0,39.0
Kolkata to Gangarampur Bus,https://www.redbus.in/bus-tickets/kolkata-to-gangarampur,Shyamoli Paribahan Pvt Ltd,Volvo A/C Seater (2+2),20:00,09h 45m,05:45,4.0,650.0,41.0
Kolkata to Gangarampur Bus,https://www.redbus.in/bus-tickets/kolkata-to-gangarampur,New Dolphin Travels,NON A/C Seater / Sleeper (2+2),17:30,12h 00m,05:30,3.6,400.0,13.0
Kolkata to Gangarampur Bus,https://www.redbus.in/bus-tickets/kolkata-to-gangarampur,Swarnali Paribahan,NON A/C Seater Push Back (2+2),19:30,11h 30m,07:00,2.2,320.0,26.0
Kolkata to Gangarampur Bus,https://www.redbus.in/bus-tickets/kolkata-to-gangarampur,Renuka Travels,NON A/C Seater / Sleeper (2+2),21:30,10h 00m,07:30,1.0,350.0,61.0
Kolkata to Gangarampur Bus,https://www.redbus.in/bus-tickets/kolkata-to-gangarampur,Renuka Travels,NON A/C Seater / Sleeper (2+2),20:30,10h 45m,07:15,1.0,370.0,60.0
Falakata to Berhampore Bus,https://www.redbus.in/bus-tickets/falakata-to-berhampore,NBSTC-COB-KOL-R1-13:30 - 156428,Non AC Seater 2+2,14:10,11h 05m,01:15,4.0,411.0,16.0
Falakata to Berhampore Bus,https://www.redbus.in/bus-tickets/falakata-to-berhampore,NBSTC-COB-BHP-R1-19:00 - 156424,Non AC Seater 2+2,19:50,11h 40m,07:30,4.3,411.0,8.0
Kolkata to Jalpaiguri Bus,https://www.redbus.in/bus-tickets/kolkata-to-jalpaiguri,Kolkata to Coochbehar (E2) 3:00 pm - 171781,Non AC Seater (2+3),15:00,13h 50m,04:50,2.0,485.0,42.0
Kolkata to Jalpaiguri Bus,https://www.redbus.in/bus-tickets/kolkata-to-jalpaiguri,NBSTC-KOL-COB-R1-17:00 - 156429,Non AC Seater 2+2,17:00,12h 45m,05:45,3.1,525.0,24.0
Kolkata to Farakka Bus,https://www.redbus.in/bus-tickets/kolkata-to-farakka,NBSTC-KOL-RAI-R1-20:30 - 156416,NON A/C Seater Push Back (2+2),20:45,04h 45m,01:30,3.2,251.0,22.0
Kolkata to Farakka Bus,https://www.redbus.in/bus-tickets/kolkata-to-farakka,Express Line,Volvo 9600 A/C Seater/Sleeper (2+1),19:45,08h 15m,04:00,4.4,599.0,30.0
Kolkata to Farakka Bus,https://www.redbus.in/bus-tickets/kolkata-to-farakka,Shyamoli Paribahan Pvt Ltd,Volvo A/C Seater (2+2),20:00,08h 00m,04:00,4.6,650.0,42.0
Kolkata to Farakka Bus,https://www.redbus.in/bus-tickets/kolkata-to-farakka,Lokenath Bus Service,Volvo A/C Seater (2+2),21:00,06h 45m,03:45,4.7,600.0,31.0
Kolkata to Farakka Bus,https://www.redbus.in/bus-tickets/kolkata-to-farakka,Rubi Paribahan  ,Volvo 9600 A/C Seater/Sleeper (2+1),19:30,06h 00m,01:30,3.1,650.0,42.0
Kolkata to Farakka Bus,https://www.redbus.in/bus-tickets/kolkata-to-farakka,Rubi Paribahan  ,Volvo 9600 Multi-Axle A/C Sleeper (2+1),19:00,07h 15m,02:15,3.1,1500.0,30.0
Kolkata to Farakka Bus,https://www.redbus.in/bus-tickets/kolkata-to-farakka,Rubi Paribahan  ,Volvo Multi Axle B11R AC Seater\Sleeper (2+1),18:00,07h 30m,01:30,3.1,1199.0,28.0
Kolkata to Farakka Bus,https://www.redbus.in/bus-tickets/kolkata-to-farakka,Wasim Travels,NON A/C Seater / Sleeper (2+2),22:00,08h 00m,06:00,2.6,455.0,12.0
Kolkata to Farakka Bus,https://www.redbus.in/bus-tickets/kolkata-to-farakka,Lokenath (Maa Tara),NON A/C Seater / Sleeper (2+2),21:30,07h 45m,05:15,5.0,1100.0,12.0
Kolkata to Farakka Bus,https://www.redbus.in/bus-tickets/kolkata-to-farakka,New Dolphin Travels,A/C Seater / Sleeper (2+2),19:00,07h 45m,02:45,2.1,455.0,61.0
Kolkata to Farakka Bus,https://www.redbus.in/bus-tickets/kolkata-to-farakka,Wasim Travels,NON A/C Seater / Sleeper (2+2),22:30,08h 00m,06:30,1.7,750.0,12.0
Kolkata to Farakka Bus,https://www.redbus.in/bus-tickets/kolkata-to-farakka,Aradhana Bus Service,NON A/C Seater / Sleeper (2+2),16:45,08h 45m,01:30,2.4,320.0,33.0
Kolkata to Farakka Bus,https://www.redbus.in/bus-tickets/kolkata-to-farakka,Swarnali Paribahan,NON A/C Seater Push Back (2+2),19:30,09h 00m,04:30,2.2,798.0,26.0
Kolkata to Islampur (West Bengal) Bus,https://www.redbus.in/bus-tickets/kolkata-to-islampur-west-bengal,Kolkata to Coochbehar (E2) 3:00 pm - 171781,Non AC Seater (2+3),15:00,12h 15m,03:15,4.0,390.0,49.0
Kolkata to Islampur (West Bengal) Bus,https://www.redbus.in/bus-tickets/kolkata-to-islampur-west-bengal,NBSTC-KOL-COB-R1-17:00 - 156429,Non AC Seater 2+2,17:00,11h 30m,04:30,3.9,425.0,28.0
Kolkata to Islampur (West Bengal) Bus,https://www.redbus.in/bus-tickets/kolkata-to-islampur-west-bengal,NBSTC-KOL-SLG-R1-18:00 - 156411,NON A/C Seater Push Back (2+2),18:00,10h 00m,04:00,2.9,425.0,17.0
Kolkata to Islampur (West Bengal) Bus,https://www.redbus.in/bus-tickets/kolkata-to-islampur-west-bengal,Modern Travels,Bharat Benz A/C Seater /Sleeper (2+1),18:30,11h 50m,06:20,4.5,850.0,37.0
Kolkata to Islampur (West Bengal) Bus,https://www.redbus.in/bus-tickets/kolkata-to-islampur-west-bengal,Shyamoli Paribahan Pvt Ltd,Volvo Multi-Axle A/C Seater/Sleeper (2+1),21:00,12h 10m,09:10,4.3,1199.0,50.0
Kolkata to Islampur (West Bengal) Bus,https://www.redbus.in/bus-tickets/kolkata-to-islampur-west-bengal,Rubi Paribahan  ,Volvo Multi Axle B11R AC Seater\Sleeper (2+1),18:00,12h 15m,06:15,4.3,1499.0,27.0
Kolkata to Islampur (West Bengal) Bus,https://www.redbus.in/bus-tickets/kolkata-to-islampur-west-bengal,Express Line,Volvo 9600 Multi-Axle A/C Sleeper (2+1),18:30,12h 10m,06:40,4.5,1199.0,27.0
Kolkata to Islampur (West Bengal) Bus,https://www.redbus.in/bus-tickets/kolkata-to-islampur-west-bengal,Express Line,Volvo 9600 A/C Seater/Sleeper (2+1),19:30,11h 55m,07:25,4.7,1450.0,57.0
Kolkata to Islampur (West Bengal) Bus,https://www.redbus.in/bus-tickets/kolkata-to-islampur-west-bengal,Rubi Paribahan  ,Volvo 9600 Multi-Axle A/C Sleeper (2+1),19:00,12h 00m,07:00,4.1,750.0,29.0
Kolkata to Islampur (West Bengal) Bus,https://www.redbus.in/bus-tickets/kolkata-to-islampur-west-bengal,Shyamoli Paribahan Pvt Ltd,Volvo 9600 Multi-Axle A/C Sleeper (2+1),18:00,12h 10m,06:10,4.1,1500.0,13.0
Kolkata to Islampur (West Bengal) Bus,https://www.redbus.in/bus-tickets/kolkata-to-islampur-west-bengal,Aradhana Bus Service,NON A/C Seater / Sleeper (2+2),16:45,13h 15m,06:00,3.0,1500.0,33.0
Kolkata to Islampur (West Bengal) Bus,https://www.redbus.in/bus-tickets/kolkata-to-islampur-west-bengal,Easy Ride,Volvo 9600 Multi-Axle A/C Sleeper (2+1),18:30,12h 00m,06:30,1.0,1500.0,35.0
Kolkata to Islampur (West Bengal) Bus,https://www.redbus.in/bus-tickets/kolkata-to-islampur-west-bengal,Easy Ride,Volvo 9600 Multi-Axle A/C Sleeper (2+1),19:50,12h 00m,07:50,1.0,1099.0,25.0
Kolkata to Islampur (West Bengal) Bus,https://www.redbus.in/bus-tickets/kolkata-to-islampur-west-bengal,Easy Ride,Volvo 9600 Multi-Axle A/C Sleeper (2+1),20:30,12h 00m,08:30,1.0,798.0,30.0
Kolkata to Islampur (West Bengal) Bus,https://www.redbus.in/bus-tickets/kolkata-to-islampur-west-bengal,Aitiana Airwings,Benz A/C Sleeper (2+1),18:00,11h 00m,05:00,2.4,798.0,35.0
Berhampore to Falakata Bus,https://www.redbus.in/bus-tickets/berhampore-to-falakata,NBSTC-BHP-COB-R1-18:30 - 156423,Non AC Seater 2+2,18:30,11h 00m,05:30,4.3,412.0,23.0
Siliguri to Cooch Behar (West Bengal) Bus,https://www.redbus.in/bus-tickets/siliguri-to-cooch-behar-west-bengal,Mahaprabhu Travels,A/C Seater (2+3),13:58,03h 02m,17:00,1.8,250.0,29.0
Raiganj to Krishnanagar (West Bengal) Bus,https://www.redbus.in/bus-tickets/raiganj-to-krishnanagar,NBSTC-RAI-KOL-R1-19:30 - 156414,NON A/C Seater Push Back (2+2),20:30,07h 30m,04:00,4.1,250.0,35.0
Raiganj to Krishnanagar (West Bengal) Bus,https://www.redbus.in/bus-tickets/raiganj-to-krishnanagar,Modern Travels,Bharat Benz A/C Seater /Sleeper (2+1),22:55,05h 30m,04:25,2.7,850.0,28.0
Raiganj to Krishnanagar (West Bengal) Bus,https://www.redbus.in/bus-tickets/raiganj-to-krishnanagar,Prarthana Bus Service,A/C Seater / Sleeper (2+1),00:30,04h 30m,05:00,2.4,710.0,33.0
Raiganj to Krishnanagar (West Bengal) Bus,https://www.redbus.in/bus-tickets/raiganj-to-krishnanagar,Aradhana Bus Service,NON A/C Seater / Sleeper (2+2),19:15,07h 45m,03:00,2.6,700.0,33.0
Raiganj to Krishnanagar (West Bengal) Bus,https://www.redbus.in/bus-tickets/raiganj-to-krishnanagar,Lokenath (Maa Tara),NON A/C Seater / Sleeper (2+2),19:45,07h 35m,03:20,2.5,500.0,10.0
Raiganj to Krishnanagar (West Bengal) Bus,https://www.redbus.in/bus-tickets/raiganj-to-krishnanagar,RAYAN,NON A/C Seater / Sleeper (2+2),22:00,07h 00m,05:00,2.0,2000.0,59.0
Raiganj to Krishnanagar (West Bengal) Bus,https://www.redbus.in/bus-tickets/raiganj-to-krishnanagar,Poulami Paribahan,Volvo Multi-Axle A/C seater/sleeper (2+1),22:45,06h 05m,04:50,4.0,798.0,31.0
Kolkata to Buniadpur Bus,https://www.redbus.in/bus-tickets/kolkata-to-buniadpur,NBSTC-KOL-BLG-R1-19:30 - 156420,NON A/C Seater Push Back (2+2),19:45,10h 00m,05:45,4.3,323.0,30.0
Kolkata to Buniadpur Bus,https://www.redbus.in/bus-tickets/kolkata-to-buniadpur,Express Line,Volvo 9600 A/C Seater/Sleeper (2+1),19:45,09h 30m,05:15,4.8,649.0,37.0
Kolkata to Buniadpur Bus,https://www.redbus.in/bus-tickets/kolkata-to-buniadpur,Rubi Paribahan  ,Volvo 9600 A/C Seater/Sleeper (2+1),19:30,07h 20m,02:50,4.1,650.0,42.0
Kolkata to Buniadpur Bus,https://www.redbus.in/bus-tickets/kolkata-to-buniadpur,New Dolphin Travels,NON A/C Seater / Sleeper (2+2),17:30,11h 40m,05:10,3.3,400.0,13.0
Kolkata to Buniadpur Bus,https://www.redbus.in/bus-tickets/kolkata-to-buniadpur,Shyamoli Paribahan Pvt Ltd,Volvo A/C Seater (2+2),20:00,09h 15m,05:15,3.4,650.0,42.0
Kolkata to Buniadpur Bus,https://www.redbus.in/bus-tickets/kolkata-to-buniadpur,New Dolphin Travels,A/C Seater / Sleeper (2+2),19:00,10h 00m,05:00,4.4,1100.0,61.0
Kolkata to Buniadpur Bus,https://www.redbus.in/bus-tickets/kolkata-to-buniadpur,Renuka Travels,NON A/C Seater / Sleeper (2+2),20:30,10h 15m,06:45,1.0,370.0,60.0
Siliguri to Ranaghat Bus,https://www.redbus.in/bus-tickets/siliguri-to-ranaghat,NBSTC-SLG-KOL-R1-18:30 - 156410,NON A/C Seater Push Back (2+2),18:30,10h 20m,04:50,3.7,423.0,12.0
Siliguri to Ranaghat Bus,https://www.redbus.in/bus-tickets/siliguri-to-ranaghat,Lokenath Bus Service,Volvo Multi Axle B11R AC Seater\Sleeper (2+1),21:00,09h 05m,06:05,4.9,1200.0,44.0
Siliguri to Ranaghat Bus,https://www.redbus.in/bus-tickets/siliguri-to-ranaghat,Lokenath Bus Service,Volvo 9600 Multi-Axle A/C Sleeper (2+1),19:15,09h 35m,04:50,4.9,1500.0,16.0
Siliguri to Ranaghat Bus,https://www.redbus.in/bus-tickets/siliguri-to-ranaghat,Lokenath Bus Service,Volvo Multi-Axle A/C Seater/Sleeper (2+1),18:45,09h 45m,04:30,4.8,1200.0,56.0
Siliguri to Ranaghat Bus,https://www.redbus.in/bus-tickets/siliguri-to-ranaghat,Modern Travels,Bharat Benz A/C Seater /Sleeper (2+1),18:45,10h 20m,05:05,3.5,850.0,27.0
Siliguri to Ranaghat Bus,https://www.redbus.in/bus-tickets/siliguri-to-ranaghat,Modern Travels,Bharat Benz A/C Sleeper (2+1),19:30,09h 30m,05:00,3.5,1550.0,6.0
Siliguri to Ranaghat Bus,https://www.redbus.in/bus-tickets/siliguri-to-ranaghat,Aradhana Bus Service,NON A/C Seater / Sleeper (2+2),14:30,12h 40m,03:10,3.0,700.0,33.0
Siliguri to Ranaghat Bus,https://www.redbus.in/bus-tickets/siliguri-to-ranaghat,Lokenath Bus Service,A/C Seater / Sleeper (2+1),18:15,10h 30m,04:45,3.0,765.0,26.0
Siliguri to Ranaghat Bus,https://www.redbus.in/bus-tickets/siliguri-to-ranaghat,RAYAN,NON A/C Seater / Sleeper (2+2),16:50,13h 10m,06:00,2.4,500.0,50.0
Kolkata to Itahar (West Bengal) Bus,https://www.redbus.in/bus-tickets/kolkata-to-itahar-west-bengal,NBSTC-KOL-RAI-R1-20:30 - 156416,NON A/C Seater Push Back (2+2),20:45,08h 30m,05:15,2.9,323.0,30.0
Kolkata to Itahar (West Bengal) Bus,https://www.redbus.in/bus-tickets/kolkata-to-itahar-west-bengal,Aradhana Bus Service,NON A/C Seater / Sleeper (2+2),16:45,10h 30m,03:15,2.4,750.0,33.0
Kolkata to Itahar (West Bengal) Bus,https://www.redbus.in/bus-tickets/kolkata-to-itahar-west-bengal,Lokenath (Maa Tara),NON A/C Seater / Sleeper (2+2),21:30,09h 40m,07:10,2.6,798.0,12.0
Kolkata to Gazole Bus,https://www.redbus.in/bus-tickets/kolkata-to-gazole,NBSTC-KOL-RAI-R1-20:30 - 156416,NON A/C Seater Push Back (2+2),20:45,07h 30m,04:15,4.1,301.0,26.0
Kolkata to Gazole Bus,https://www.redbus.in/bus-tickets/kolkata-to-gazole,Express Line,Volvo 9600 A/C Seater/Sleeper (2+1),19:45,09h 00m,04:45,4.8,599.0,25.0
Kolkata to Gazole Bus,https://www.redbus.in/bus-tickets/kolkata-to-gazole,Rubi Paribahan  ,Volvo 9600 A/C Seater/Sleeper (2+1),19:30,07h 00m,02:30,5.0,650.0,41.0
Kolkata to Gazole Bus,https://www.redbus.in/bus-tickets/kolkata-to-gazole,New Dolphin Travels,NON A/C Seater / Sleeper (2+2),17:30,11h 00m,04:30,3.0,400.0,13.0
Kolkata to Gazole Bus,https://www.redbus.in/bus-tickets/kolkata-to-gazole,Lokenath Bus Service,Volvo A/C Seater (2+2),21:00,08h 45m,05:45,5.0,600.0,31.0
Kolkata to Gazole Bus,https://www.redbus.in/bus-tickets/kolkata-to-gazole,New Dolphin Travels,A/C Seater / Sleeper (2+2),19:00,09h 00m,04:00,3.7,1100.0,61.0
Kolkata to Gazole Bus,https://www.redbus.in/bus-tickets/kolkata-to-gazole,Aradhana Bus Service,NON A/C Seater / Sleeper (2+2),16:45,09h 45m,02:30,2.4,750.0,33.0
Kolkata to Gazole Bus,https://www.redbus.in/bus-tickets/kolkata-to-gazole,Lokenath (Maa Tara),NON A/C Seater / Sleeper (2+2),21:30,09h 15m,06:45,1.0,320.0,12.0
Kolkata to Gazole Bus,https://www.redbus.in/bus-tickets/kolkata-to-gazole,Swarnali Paribahan,NON A/C Seater Push Back (2+2),19:30,10h 30m,06:00,4.0,370.0,26.0
Kolkata to Gazole Bus,https://www.redbus.in/bus-tickets/kolkata-to-gazole,Renuka Travels,NON A/C Seater / Sleeper (2+2),20:30,09h 30m,06:00,1.4,798.0,60.0
Falakata (west bengal) to Malda Bus,https://www.redbus.in/bus-tickets/falakata-to-malda,NBSTC-COB-KOL-R1-13:30 - 156428,Non AC Seater 2+2,14:10,06h 50m,21:00,3.3,302.0,8.0
Falakata (west bengal) to Malda Bus,https://www.redbus.in/bus-tickets/falakata-to-malda,NBSTC-COB-BHP-R1-19:00 - 156424,Non AC Seater 2+2,19:50,07h 29m,03:19,3.3,302.0,29.0
Siliguri to Krishnanagar (West Bengal) Bus,https://www.redbus.in/bus-tickets/siliguri-to-krishnanagar,NBSTC-SLG-KOL-R1-18:30 - 156410,NON A/C Seater Push Back (2+2),18:30,10h 00m,04:30,4.3,395.0,11.0
Siliguri to Krishnanagar (West Bengal) Bus,https://www.redbus.in/bus-tickets/siliguri-to-krishnanagar,Rubi Paribahan  ,Volvo 9600 Multi-Axle A/C Sleeper (2+1),19:00,09h 00m,04:00,4.8,1320.0,20.0
Siliguri to Krishnanagar (West Bengal) Bus,https://www.redbus.in/bus-tickets/siliguri-to-krishnanagar,Express Line,Volvo 9600 Multi-Axle A/C Sleeper (2+1),19:00,09h 40m,04:40,4.7,1499.0,15.0
Siliguri to Krishnanagar (West Bengal) Bus,https://www.redbus.in/bus-tickets/siliguri-to-krishnanagar,Easy Ride,Volvo 9600 Multi-Axle A/C Sleeper (2+1),18:30,09h 30m,04:00,4.6,1500.0,9.0
Siliguri to Krishnanagar (West Bengal) Bus,https://www.redbus.in/bus-tickets/siliguri-to-krishnanagar,Lokenath Bus Service,Volvo Multi Axle B11R AC Seater\Sleeper (2+1),21:00,08h 30m,05:30,3.9,1200.0,44.0
Siliguri to Krishnanagar (West Bengal) Bus,https://www.redbus.in/bus-tickets/siliguri-to-krishnanagar,Lokenath Bus Service,Volvo 9600 Multi-Axle A/C Sleeper (2+1),19:15,09h 15m,04:30,4.6,1500.0,16.0
Siliguri to Krishnanagar (West Bengal) Bus,https://www.redbus.in/bus-tickets/siliguri-to-krishnanagar,Aradhana Travels,A/C Seater / Sleeper (2+1),19:05,10h 25m,05:30,3.2,1200.0,18.0
Siliguri to Krishnanagar (West Bengal) Bus,https://www.redbus.in/bus-tickets/siliguri-to-krishnanagar,Lokenath Bus Service,Volvo Multi-Axle A/C Seater/Sleeper (2+1),18:45,09h 15m,04:00,4.3,1500.0,40.0
Siliguri to Krishnanagar (West Bengal) Bus,https://www.redbus.in/bus-tickets/siliguri-to-krishnanagar,Easy Ride,Volvo 9600 Multi-Axle A/C Sleeper (2+1),20:30,09h 30m,06:00,5.0,850.0,23.0
Siliguri to Krishnanagar (West Bengal) Bus,https://www.redbus.in/bus-tickets/siliguri-to-krishnanagar,Modern Travels,Bharat Benz A/C Seater /Sleeper (2+1),18:45,09h 40m,04:25,3.2,765.0,28.0
Siliguri to Krishnanagar (West Bengal) Bus,https://www.redbus.in/bus-tickets/siliguri-to-krishnanagar,Lokenath Bus Service,A/C Seater / Sleeper (2+1),18:15,10h 00m,04:15,4.2,1550.0,23.0
Siliguri to Krishnanagar (West Bengal) Bus,https://www.redbus.in/bus-tickets/siliguri-to-krishnanagar,Modern Travels,Bharat Benz A/C Sleeper (2+1),19:30,09h 05m,04:35,3.2,535.0,6.0
Siliguri to Krishnanagar (West Bengal) Bus,https://www.redbus.in/bus-tickets/siliguri-to-krishnanagar,Mahaprabhu Travels,NON A/C Seater / Sleeper (2+2),19:00,12h 00m,07:00,3.1,710.0,44.0
Siliguri to Krishnanagar (West Bengal) Bus,https://www.redbus.in/bus-tickets/siliguri-to-krishnanagar,Prarthana Bus Service,A/C Seater / Sleeper (2+1),19:30,09h 30m,05:00,2.3,2000.0,33.0
Siliguri to Krishnanagar (West Bengal) Bus,https://www.redbus.in/bus-tickets/siliguri-to-krishnanagar,Poulami Paribahan,Volvo Multi-Axle A/C seater/sleeper (2+1),19:15,09h 35m,04:50,4.3,700.0,31.0
Siliguri to Krishnanagar (West Bengal) Bus,https://www.redbus.in/bus-tickets/siliguri-to-krishnanagar,Aradhana Bus Service,NON A/C Seater / Sleeper (2+2),14:30,12h 30m,03:00,2.0,500.0,33.0
Siliguri to Krishnanagar (West Bengal) Bus,https://www.redbus.in/bus-tickets/siliguri-to-krishnanagar,RAYAN,NON A/C Seater / Sleeper (2+2),16:50,12h 10m,05:00,1.0,798.0,43.0
Gangarampur to Kolkata Bus,https://www.redbus.in/bus-tickets/gangarampur-to-kolkata,NBSTC-BLG-KOL-R1-18:30 - 156419,NON A/C Seater Push Back (2+2),19:20,10h 40m,06:00,3.8,334.0,18.0
Gangarampur to Kolkata Bus,https://www.redbus.in/bus-tickets/gangarampur-to-kolkata,Express Line,Volvo 9600 A/C Seater/Sleeper (2+1),19:45,09h 15m,05:00,4.0,649.0,45.0
Gangarampur to Kolkata Bus,https://www.redbus.in/bus-tickets/gangarampur-to-kolkata,Shyamoli Paribahan Pvt Ltd,Volvo A/C Seater (2+2),20:00,09h 00m,05:00,4.1,650.0,37.0
Gangarampur to Kolkata Bus,https://www.redbus.in/bus-tickets/gangarampur-to-kolkata,Rubi Paribahan  ,Volvo 9600 A/C Seater/Sleeper (2+1),19:35,08h 55m,04:30,4.3,700.0,44.0
Gangarampur to Kolkata Bus,https://www.redbus.in/bus-tickets/gangarampur-to-kolkata,Padmanabha Paribahan,A/C Seater / Sleeper (2+2),20:15,10h 45m,07:00,4.4,350.0,37.0
Gangarampur to Kolkata Bus,https://www.redbus.in/bus-tickets/gangarampur-to-kolkata,Sonar Tori,A/C Seater / Sleeper (2+2),20:25,10h 05m,06:30,3.2,340.0,37.0
Gangarampur to Kolkata Bus,https://www.redbus.in/bus-tickets/gangarampur-to-kolkata,New Dolphin Travels,NON A/C Seater / Sleeper (2+2),20:40,09h 50m,06:30,2.7,350.0,28.0
Gangarampur to Kolkata Bus,https://www.redbus.in/bus-tickets/gangarampur-to-kolkata,Jio Dolphin Travels,NON A/C Seater / Sleeper (2+2),19:30,10h 00m,05:30,3.9,350.0,27.0
Gangarampur to Kolkata Bus,https://www.redbus.in/bus-tickets/gangarampur-to-kolkata,Shree Krishna Travels,NON A/C Seater / Sleeper (2+2),19:45,10h 15m,06:00,4.0,798.0,35.0
Gangarampur to Kolkata Bus,https://www.redbus.in/bus-tickets/gangarampur-to-kolkata,Mohanta Travels,NON A/C Seater / Sleeper (2+2),20:00,10h 00m,06:00,3.3,798.0,29.0
Gangarampur to Kolkata Bus,https://www.redbus.in/bus-tickets/gangarampur-to-kolkata,Renuka Travels,NON A/C Seater / Sleeper (2+2),19:30,11h 00m,06:30,3.1,798.0,40.0
Gangarampur to Kolkata Bus,https://www.redbus.in/bus-tickets/gangarampur-to-kolkata,Renuka Travels,NON A/C Seater / Sleeper (2+2),19:00,11h 00m,06:00,3.1,798.0,40.0
Cooch Behar (West Bengal) to Siliguri Bus,https://www.redbus.in/bus-tickets/cooch-behar-west-bengal-to-siliguri,NBSTC-COB-FKT-SLG-06-15:30 - 159676,Non AC Seater 2+2,15:30,03h 30m,19:00,2.0,119.0,29.0
Cooch Behar (West Bengal) to Siliguri Bus,https://www.redbus.in/bus-tickets/cooch-behar-west-bengal-to-siliguri,Jay Kali Bus Service,Non AC Seater (2+2),12:50,03h 00m,15:50,4.0,122.0,29.0
Buniadpur to Kolkata Bus,https://www.redbus.in/bus-tickets/buniadpur-to-kolkata,NBSTC-BLG-KOL-R1-18:30 - 156419,NON A/C Seater Push Back (2+2),19:40,10h 20m,06:00,2.5,327.0,18.0
Buniadpur to Kolkata Bus,https://www.redbus.in/bus-tickets/buniadpur-to-kolkata,Express Line,Volvo 9600 A/C Seater/Sleeper (2+1),20:00,09h 00m,05:00,4.6,649.0,45.0
Buniadpur to Kolkata Bus,https://www.redbus.in/bus-tickets/buniadpur-to-kolkata,Rubi Paribahan  ,Volvo 9600 A/C Seater/Sleeper (2+1),19:50,08h 40m,04:30,4.8,700.0,44.0
Buniadpur to Kolkata Bus,https://www.redbus.in/bus-tickets/buniadpur-to-kolkata,Shyamoli Paribahan Pvt Ltd,Volvo A/C Seater (2+2),20:15,08h 45m,05:00,3.8,650.0,38.0
Buniadpur to Kolkata Bus,https://www.redbus.in/bus-tickets/buniadpur-to-kolkata,Sonar Tori,A/C Seater / Sleeper (2+2),20:50,09h 40m,06:30,4.6,350.0,39.0
Buniadpur to Kolkata Bus,https://www.redbus.in/bus-tickets/buniadpur-to-kolkata,Padmanabha Paribahan,A/C Seater / Sleeper (2+2),20:25,10h 35m,07:00,3.6,340.0,37.0
Buniadpur to Kolkata Bus,https://www.redbus.in/bus-tickets/buniadpur-to-kolkata,Shree Krishna Travels,NON A/C Seater / Sleeper (2+2),20:10,09h 50m,06:00,2.1,350.0,35.0
Buniadpur to Kolkata Bus,https://www.redbus.in/bus-tickets/buniadpur-to-kolkata,New Dolphin Travels,NON A/C Seater / Sleeper (2+2),21:00,09h 30m,06:30,3.5,350.0,28.0
Buniadpur to Kolkata Bus,https://www.redbus.in/bus-tickets/buniadpur-to-kolkata,Jio Dolphin Travels,NON A/C Seater / Sleeper (2+2),20:00,09h 30m,05:30,4.4,798.0,27.0
Buniadpur to Kolkata Bus,https://www.redbus.in/bus-tickets/buniadpur-to-kolkata,Mohanta Travels,NON A/C Seater / Sleeper (2+2),20:30,09h 30m,06:00,3.1,798.0,29.0
Buniadpur to Kolkata Bus,https://www.redbus.in/bus-tickets/buniadpur-to-kolkata,Renuka Travels,NON A/C Seater / Sleeper (2+2),19:45,10h 45m,06:30,1.4,798.0,40.0
Buniadpur to Kolkata Bus,https://www.redbus.in/bus-tickets/buniadpur-to-kolkata,Renuka Travels,NON A/C Seater / Sleeper (2+2),19:15,10h 45m,06:00,1.4,798.0,40.0
Raiganj to Barasat (West Bengal) Bus,https://www.redbus.in/bus-tickets/raiganj-to-barasat-west-bengal,NBSTC-RAI-KOL-R1-19:30 - 156414,NON A/C Seater Push Back (2+2),20:30,09h 30m,06:00,3.4,321.0,32.0
Raiganj to Barasat (West Bengal) Bus,https://www.redbus.in/bus-tickets/raiganj-to-barasat-west-bengal,Aradhana Bus Service,NON A/C Seater / Sleeper (2+2),19:15,10h 40m,05:55,2.4,700.0,33.0
Kolkata to Dhupguri (West Bengal) Bus,https://www.redbus.in/bus-tickets/kolkata-to-dhupguri-west-bengal,Kolkata to Coochbehar (E2) 3:00 pm - 171781,Non AC Seater (2+3),15:00,14h 15m,05:15,1.8,515.0,46.0
Kolkata to Dhupguri (West Bengal) Bus,https://www.redbus.in/bus-tickets/kolkata-to-dhupguri-west-bengal,NBSTC-KOL-COB-R1-17:00 - 156429,Non AC Seater 2+2,17:00,13h 30m,06:30,4.2,555.0,26.0
Raiganj to Ranaghat Bus,https://www.redbus.in/bus-tickets/raiganj-to-ranaghat,NBSTC-RAI-KOL-R1-19:30 - 156414,NON A/C Seater Push Back (2+2),20:30,08h 45m,05:15,3.3,278.0,35.0
Raiganj to Ranaghat Bus,https://www.redbus.in/bus-tickets/raiganj-to-ranaghat,Aradhana Bus Service,NON A/C Seater / Sleeper (2+2),19:15,07h 55m,03:10,2.4,700.0,33.0
Raiganj to Ranaghat Bus,https://www.redbus.in/bus-tickets/raiganj-to-ranaghat,Lokenath (Maa Tara),NON A/C Seater / Sleeper (2+2),19:45,08h 25m,04:10,2.6,798.0,10.0
Kolkata to Kishanganj Bus,https://www.redbus.in/bus-tickets/kolkata-to-kishanganj,Kolkata to Coochbehar (E2) 3:00 pm - 171781,Non AC Seater (2+3),15:00,11h 45m,02:45,4.4,375.0,48.0
Kolkata to Kishanganj Bus,https://www.redbus.in/bus-tickets/kolkata-to-kishanganj,NBSTC-KOL-SLG-R1-18:00 - 156411,NON A/C Seater Push Back (2+2),18:00,09h 30m,03:30,4.7,405.0,18.0
Kolkata to Kishanganj Bus,https://www.redbus.in/bus-tickets/kolkata-to-kishanganj,Express Line,Volvo 9600 Multi-Axle A/C Sleeper (2+1),18:30,11h 40m,06:10,4.9,1499.0,27.0
Kolkata to Kishanganj Bus,https://www.redbus.in/bus-tickets/kolkata-to-kishanganj,Lokenath Bus Service,Volvo Multi-Axle A/C Seater/Sleeper (2+1),18:15,10h 45m,05:00,4.5,1099.0,46.0
Kolkata to Kishanganj Bus,https://www.redbus.in/bus-tickets/kolkata-to-kishanganj,Lokenath Bus Service,Volvo 9600 Multi-Axle A/C Sleeper (2+1),18:45,11h 30m,06:15,4.5,1499.0,25.0
Kolkata to Kishanganj Bus,https://www.redbus.in/bus-tickets/kolkata-to-kishanganj,Modern Travels,Bharat Benz A/C Seater /Sleeper (2+1),18:30,11h 05m,05:35,3.7,850.0,37.0
Kolkata to Kishanganj Bus,https://www.redbus.in/bus-tickets/kolkata-to-kishanganj,Prarthana Bus Service,A/C Seater / Sleeper (2+1),18:30,10h 00m,04:30,4.9,570.0,43.0
Kolkata to Kishanganj Bus,https://www.redbus.in/bus-tickets/kolkata-to-kishanganj,Modern Travels,Bharat Benz A/C Sleeper (2+1),19:30,10h 40m,06:10,5.0,1450.0,23.0
Kolkata to Kishanganj Bus,https://www.redbus.in/bus-tickets/kolkata-to-kishanganj,Rubi Paribahan  ,Volvo 9600 Multi-Axle A/C Sleeper (2+1),19:00,11h 00m,06:00,2.3,1400.0,28.0
Kolkata to Kishanganj Bus,https://www.redbus.in/bus-tickets/kolkata-to-kishanganj,Aradhana Bus Service,NON A/C Seater / Sleeper (2+2),16:45,11h 15m,04:00,5.0,750.0,33.0
Kolkata to Kishanganj Bus,https://www.redbus.in/bus-tickets/kolkata-to-kishanganj,Easy Ride,Volvo 9600 Multi-Axle A/C Sleeper (2+1),20:30,11h 35m,08:05,4.9,1500.0,28.0
Kolkata to Kishanganj Bus,https://www.redbus.in/bus-tickets/kolkata-to-kishanganj,Easy Ride,Volvo 9600 Multi-Axle A/C Sleeper (2+1),19:50,11h 35m,07:25,4.8,1500.0,25.0
Kolkata to Kishanganj Bus,https://www.redbus.in/bus-tickets/kolkata-to-kishanganj,Easy Ride,Volvo 9600 Multi-Axle A/C Sleeper (2+1),18:30,11h 35m,06:05,3.9,1500.0,35.0
Kolkata to Kishanganj Bus,https://www.redbus.in/bus-tickets/kolkata-to-kishanganj,Rubi Paribahan  ,Volvo Multi Axle B11R AC Seater\Sleeper (2+1),18:00,11h 15m,05:15,4.5,1199.0,28.0
Kolkata to Kishanganj Bus,https://www.redbus.in/bus-tickets/kolkata-to-kishanganj,Express Line,Volvo 9600 A/C Seater/Sleeper (2+1),19:30,11h 25m,06:55,3.0,1199.0,57.0
Kolkata to Kishanganj Bus,https://www.redbus.in/bus-tickets/kolkata-to-kishanganj,Lokenath Bus Service,Volvo Multi Axle B11R AC Seater\Sleeper (2+1),20:00,10h 30m,06:30,2.6,1099.0,38.0
Kolkata to Kishanganj Bus,https://www.redbus.in/bus-tickets/kolkata-to-kishanganj,Lokenath (Maa Tara),NON A/C Seater / Sleeper (2+2),15:45,13h 00m,04:45,2.0,600.0,6.0
Kolkata to Kishanganj Bus,https://www.redbus.in/bus-tickets/kolkata-to-kishanganj,Maa Durga Bus Service,NON A/C Seater / Sleeper (2+2),19:00,13h 00m,08:00,4.0,798.0,8.0
Kolkata to Falakata (west bengal) Bus,https://www.redbus.in/bus-tickets/kolkata-to-falakata,Kolkata to Coochbehar (E2) 3:00 pm - 171781,Non AC Seater (2+3),15:00,14h 30m,05:30,3.2,530.0,48.0
Kolkata to Falakata (west bengal) Bus,https://www.redbus.in/bus-tickets/kolkata-to-falakata,NBSTC-KOL-COB-R1-17:00 - 156429,Non AC Seater 2+2,17:00,14h 00m,07:00,2.3,571.0,20.0
Balurghat to Siliguri Bus,https://www.redbus.in/bus-tickets/balurghat-to-siliguri,Mohanta Travels,A/C Seater / Sleeper (2+2),21:00,08h 00m,05:00,3.6,350.0,22.0
Balurghat to Siliguri Bus,https://www.redbus.in/bus-tickets/balurghat-to-siliguri,Padmanabha Paribahan,A/C Seater / Sleeper (2+2),20:45,08h 25m,05:10,4.0,798.0,18.0
Balurghat to Siliguri Bus,https://www.redbus.in/bus-tickets/balurghat-to-siliguri,New Dolphin Travels,A/C Seater / Sleeper (2+2),21:40,07h 20m,05:00,4.2,798.0,35.0
Balurghat to Siliguri Bus,https://www.redbus.in/bus-tickets/balurghat-to-siliguri,Shree Krishna Travels,A/C Seater / Sleeper (2+2),21:10,08h 00m,05:10,3.2,798.0,32.0
Cooch Behar (West Bengal) to Farakka Bus,https://www.redbus.in/bus-tickets/cooch-behar-west-bengal-to-farakka,NBSTC-COB-BHP-R1-19:00 - 156424,Non AC Seater 2+2,19:00,09h 30m,04:30,4.7,367.0,8.0
Siliguri to Barasat (West Bengal) Bus,https://www.redbus.in/bus-tickets/siliguri-to-barasat-west-bengal,NBSTC-SLG-KOL-R1-18:30 - 156410,NON A/C Seater Push Back (2+2),18:30,11h 00m,05:30,4.4,466.0,13.0
Siliguri to Barasat (West Bengal) Bus,https://www.redbus.in/bus-tickets/siliguri-to-barasat-west-bengal,Aradhana Bus Service,NON A/C Seater / Sleeper (2+2),14:30,15h 25m,05:55,2.4,700.0,33.0
Falakata (west bengal) to Omarpur (West Bengal) Bus,https://www.redbus.in/bus-tickets/falakata-to-omarpur-west-bengal,NBSTC-COB-BHP-R1-19:00 - 156424,Non AC Seater 2+2,19:50,10h 10m,06:00,3.2,369.0,8.0
Raiganj to Balurghat Bus,https://www.redbus.in/bus-tickets/raiganj-to-balurghat,NBSTC-RAI-BND-BLG-11-13:45 - 164035,Non AC Seater (2+3),13:45,03h 00m,16:45,5.0,87.0,29.0
Kolkata to Maynaguri (West Bengal) Bus,https://www.redbus.in/bus-tickets/kolkata-to-maynaguri-west-bengal,Kolkata to Coochbehar (E2) 3:00 pm - 171781,Non AC Seater (2+3),15:00,14h 00m,05:00,3.7,500.0,42.0
Kolkata to Maynaguri (West Bengal) Bus,https://www.redbus.in/bus-tickets/kolkata-to-maynaguri-west-bengal,NBSTC-KOL-COB-R1-17:00 - 156429,Non AC Seater 2+2,17:00,13h 00m,06:00,3.7,538.0,21.0
Siliguri to Raiganj Bus,https://www.redbus.in/bus-tickets/siliguri-to-raiganj,NORTH BENGAL STATE TRANSPORT CORPORATION - 164052,Non AC Seater (2+3),12:20,04h 00m,16:20,1.6,140.0,18.0
Siliguri to Raiganj Bus,https://www.redbus.in/bus-tickets/siliguri-to-raiganj,Lokenath Bus Service,A/C Seater / Sleeper (2+1),18:15,04h 30m,22:45,4.0,765.0,29.0
Siliguri to Raiganj Bus,https://www.redbus.in/bus-tickets/siliguri-to-raiganj,Aradhana Bus Service,NON A/C Seater / Sleeper (2+2),14:30,04h 45m,19:15,1.2,700.0,29.0
Siliguri to Raiganj Bus,https://www.redbus.in/bus-tickets/siliguri-to-raiganj,Lokenath (Maa Tara),NON A/C Seater / Sleeper (2+2),15:15,05h 00m,20:15,2.6,280.0,29.0
Siliguri to Raiganj Bus,https://www.redbus.in/bus-tickets/siliguri-to-raiganj,Easy Ride,Volvo 9600 Multi-Axle A/C Sleeper (2+1),18:30,04h 00m,22:30,5.0,1500.0,29.0
Siliguri to Raiganj Bus,https://www.redbus.in/bus-tickets/siliguri-to-raiganj,Easy Ride,Volvo 9600 Multi-Axle A/C Sleeper (2+1),20:30,04h 00m,00:30,5.0,1500.0,29.0
